id,name,lat,lon,date,temp_min,temp_max,temp_afternoon,temp_night,temp_evening,temp_morning,precipitation_total
1,哈尔滨市,45.58,126.29,2025-04-01,2.47,10.41,9.62,2.73,7.48,2.83,5.56
1,哈尔滨市,45.58,126.29,2025-04-02,2.04,8.56,5.41,2.38,6.53,2.63,0.46
1,哈尔滨市,45.58,126.29,2025-04-03,0.95,13.64,12.23,2.66,11.04,1.35,0.0
1,哈尔滨市,45.58,126.29,2025-04-04,4.04,15.44,14.65,5.95,13.14,4.45,0.25
1,哈尔滨市,45.58,126.29,2025-04-05,4.46,9.71,7.41,9.25,6.56,5.43,0.27
1,哈尔滨市,45.58,126.29,2025-04-06,4.36,10.52,8.26,4.49,8.5,4.95,0.0
1,哈尔滨市,45.58,126.29,2025-04-07,3.56,15.06,13.93,4.37,11.72,4.1,0.96
1,哈尔滨市,45.58,126.29,2025-04-08,7.17,16.69,15.51,9.85,14.03,7.17,0.0
1,哈尔滨市,45.58,126.29,2025-04-09,8.82,20.17,19.35,9.94,16.65,9.25,0.0
1,哈尔滨市,45.58,126.29,2025-04-10,8.69,21.35,19.38,10.7,16.58,8.91,0.0
1,哈尔滨市,45.58,126.29,2025-04-11,10.35,22.75,22.26,10.84,18.37,11.72,0.55
1,哈尔滨市,45.58,126.29,2025-04-12,10.43,18.89,13.09,15.35,11.1,13.55,6.5
1,哈尔滨市,45.58,126.29,2025-04-13,6.37,10.92,10.09,7.27,10.58,9.48,11.8
1,哈尔滨市,45.58,126.29,2025-04-14,4.78,11.4,10.34,7.06,8.42,4.85,1.97
1,哈尔滨市,45.58,126.29,2025-04-15,5.16,13.21,12.19,5.16,10.76,5.8,0.52
1,哈尔滨市,45.58,126.29,2025-04-16,2.86,14.03,12.13,4.7,12.16,3.85,0.0
1,哈尔滨市,45.58,126.29,2025-04-17,6.36,19.99,17.81,7.74,17.57,7.55,0.65
1,哈尔滨市,45.58,126.29,2025-04-18,6.36,13.44,11.72,8.88,11.44,6.72,5.3
1,哈尔滨市,45.58,126.29,2025-04-19,5.3,13.66,13.02,7.64,10.81,6.1,0.0
1,哈尔滨市,45.58,126.29,2025-04-20,6.27,20.13,17.49,7.32,18.22,7.29,0.0
1,哈尔滨市,45.58,126.29,2025-04-21,10.26,18.9,18.47,14.6,11.2,14.64,14.55
1,哈尔滨市,45.58,126.29,2025-04-22,4.73,12.71,11.26,9.76,11.45,5.72,2.8
1,哈尔滨市,45.58,126.29,2025-04-23,5.48,18.44,17.45,6.73,13.61,6.77,0.0
1,哈尔滨市,45.58,126.29,2025-04-24,5.15,10.82,10.82,7.4,8.75,5.44,0.0
1,哈尔滨市,45.58,126.29,2025-04-25,3.63,10.36,7.48,6.27,9.32,4.19,0.0
1,哈尔滨市,45.58,126.29,2025-04-26,3.35,15.65,14.03,4.4,11.77,4.84,0.0
1,哈尔滨市,45.58,126.29,2025-04-27,6.42,12.62,12.05,9.33,11.16,8.16,3.01
1,哈尔滨市,45.58,126.29,2025-04-28,3.67,14.16,12.42,6.53,12.16,5.01,0.0
1,哈尔滨市,45.58,126.29,2025-04-29,6.57,20.77,18.7,9.12,19.67,8.28,0.0
1,哈尔滨市,45.58,126.29,2025-04-30,8.42,16.94,15.97,11.6,15.1,9.37,0.0
1,哈尔滨市,45.58,126.29,2025-05-01,7.16,14.42,11.87,10.81,13.22,7.67,0.14
1,哈尔滨市,45.58,126.29,2025-05-02,6.03,17.51,16.35,7.37,15.9,7.73,0.0
1,哈尔滨市,45.58,126.29,2025-05-03,8.87,14.08,11.8,11.64,11.2,11.05,0.42
1,哈尔滨市,45.58,126.29,2025-05-04,5.33,14.81,12.32,8.27,13.31,7.14,1.24
1,哈尔滨市,45.58,126.29,2025-05-05,6.23,16.26,15.32,8.12,14.34,7.97,0.0
1,哈尔滨市,45.58,126.29,2025-05-06,7.1,18.51,16.11,9.05,15.66,8.58,0.0
1,哈尔滨市,45.58,126.29,2025-05-07,8.97,19.86,16.82,9.26,14.8,11.16,0.87
1,哈尔滨市,45.58,126.29,2025-05-08,8.44,14.67,12.83,10.87,11.49,10.41,7.02
1,哈尔滨市,45.58,126.29,2025-05-09,10.65,17.65,14.21,11.02,15.56,11.24,0.0
1,哈尔滨市,45.58,126.29,2025-05-10,8.54,20.07,18.7,10.14,18.22,9.67,0.0
1,哈尔滨市,45.58,126.29,2025-05-11,10.51,25.16,23.43,12.38,22.66,12.67,0.0
1,哈尔滨市,45.58,126.29,2025-05-12,15.23,27.03,25.86,17.61,24.83,16.2,0.27
1,哈尔滨市,45.58,126.29,2025-05-13,18.12,26.67,23.43,20.62,22.6,18.63,0.64
1,哈尔滨市,45.58,126.29,2025-05-14,10.83,18.51,15.45,18.51,12.93,17.34,7.13
1,哈尔滨市,45.58,126.29,2025-05-15,9.32,22.78,20.25,10.24,20.29,11.34,0.12
1,哈尔滨市,45.58,126.29,2025-05-16,11.37,15.97,13.67,14.58,14.9,12.35,6.95
1,哈尔滨市,45.58,126.29,2025-05-17,6.26,17.39,7.87,12.05,12.69,8.1,7.41
1,哈尔滨市,45.58,126.29,2025-05-18,6.03,17.28,15.43,7.52,15.72,8.21,0.0
1,哈尔滨市,45.58,126.29,2025-05-19,9.56,17.5,17.5,10.49,12.36,10.06,0.82
1,哈尔滨市,45.58,126.29,2025-05-20,8.52,20.37,18.47,9.28,17.65,10.54,0.0
1,哈尔滨市,45.58,126.29,2025-05-21,10.35,21.23,20.62,11.2,18.56,12.32,0.0
1,哈尔滨市,45.58,126.29,2025-05-22,10.46,20.42,19.06,12.91,18.65,12.74,0.0
1,哈尔滨市,45.58,126.29,2025-05-23,10.98,23.22,22.83,12.95,20.07,13.94,0.0
1,哈尔滨市,45.58,126.29,2025-05-24,12.89,20.53,18.75,15.38,19.97,14.4,0.0
1,哈尔滨市,45.58,126.29,2025-05-25,10.8,25.32,22.77,12.2,23.39,13.87,8.2
1,哈尔滨市,45.58,126.29,2025-05-26,14.09,23.61,22.86,14.09,22.24,15.19,1.26
1,哈尔滨市,45.58,126.29,2025-05-27,14.21,29.1,27.49,16.77,27.41,16.92,0.0
1,哈尔滨市,45.58,126.29,2025-05-28,16.94,29.83,28.92,19.33,28.62,19.58,0.0
1,哈尔滨市,45.58,126.29,2025-05-29,18.12,30.86,29.52,20.44,28.45,20.96,0.0
1,哈尔滨市,45.58,126.29,2025-05-30,18.22,31.77,30.51,20.06,29.26,21.32,0.0
1,哈尔滨市,45.58,126.29,2025-05-31,17.1,29.39,28.26,24.83,25.43,22.77,0.0
1,哈尔滨市,45.58,126.29,2025-06-01,13.81,25.27,19.46,16.48,25.27,15.97,0.65
1,哈尔滨市,45.58,126.29,2025-06-02,12.81,21.68,16.56,14.89,17.36,15.79,9.58
1,哈尔滨市,45.58,126.29,2025-06-03,12.55,19.01,18.62,14.03,17.59,13.51,0.0
1,哈尔滨市,45.58,126.29,2025-06-04,11.35,23.53,21.15,13.48,21.99,13.64,0.0
1,哈尔滨市,45.58,126.29,2025-06-05,13.85,21.51,14.74,15.84,20.88,15.61,7.22
1,哈尔滨市,45.58,126.29,2025-06-06,12.33,22.62,21.73,13.53,19.14,14.93,0.0
1,哈尔滨市,45.58,126.29,2025-06-07,11.43,23.44,20.78,12.08,19.93,14.86,0.0
1,哈尔滨市,45.58,126.29,2025-06-08,14.37,29.97,29.0,15.16,28.01,17.51,0.25
1,哈尔滨市,45.58,126.29,2025-06-09,13.8,22.41,21.01,16.07,20.33,15.29,1.26
1,哈尔滨市,45.58,126.29,2025-06-10,12.55,17.14,14.4,17.14,13.27,13.64,31.5
1,哈尔滨市,45.58,126.29,2025-06-11,13.07,26.05,24.07,13.07,24.38,13.98,0.0
1,哈尔滨市,45.58,126.29,2025-06-12,15.94,26.43,24.41,17.54,25.96,18.11,0.0
1,哈尔滨市,45.58,126.29,2025-06-13,18.97,27.89,26.13,20.41,24.24,20.44,2.37
1,哈尔滨市,45.58,126.29,2025-06-14,17.37,26.75,21.5,19.73,25.7,20.01,0.0
1,哈尔滨市,45.58,126.29,2025-06-15,19.61,27.97,26.54,20.16,25.87,20.65,0.93
1,哈尔滨市,45.58,126.29,2025-06-16,18.3,26.36,26.36,19.32,23.48,19.29,0.2
1,哈尔滨市,45.58,126.29,2025-06-17,16.2,24.33,22.98,17.33,22.68,17.63,1.26
1,哈尔滨市,45.58,126.29,2025-06-18,15.17,29.84,27.88,16.8,27.47,17.99,0.0
1,哈尔滨市,45.58,126.29,2025-06-19,18.77,25.37,25.37,23.2,21.65,21.28,9.85
1,哈尔滨市,45.58,126.29,2025-06-20,15.39,24.81,23.77,19.56,20.48,17.42,0.0
1,哈尔滨市,45.58,126.29,2025-06-21,14.23,22.67,18.63,15.4,20.54,15.64,0.0
1,哈尔滨市,45.58,126.29,2025-06-22,15.21,30.91,28.27,15.52,29.45,18.36,0.0
1,哈尔滨市,45.58,126.29,2025-06-23,18.58,33.85,32.48,20.45,30.6,21.11,0.0
1,哈尔滨市,45.58,126.29,2025-06-24,21.41,34.72,33.37,22.7,31.43,23.47,0.0
1,哈尔滨市,45.58,126.29,2025-06-25,23.51,36.12,35.2,25.95,34.53,25.3,0.0
1,哈尔滨市,45.58,126.29,2025-06-26,23.55,36.22,35.4,26.18,33.08,25.84,0.0
1,哈尔滨市,45.58,126.29,2025-06-27,22.49,32.85,31.31,23.71,29.45,25.35,0.0
1,哈尔滨市,45.58,126.29,2025-06-28,21.74,29.22,28.47,21.88,24.26,22.08,3.08
1,哈尔滨市,45.58,126.29,2025-06-29,20.35,28.45,28.06,21.41,27.0,22.04,0.0
1,哈尔滨市,45.58,126.29,2025-06-30,21.35,26.23,26.23,22.2,22.43,22.84,14.39
1,哈尔滨市,45.58,126.29,2025-07-01,22.52,29.63,26.66,23.22,28.02,22.52,9.75
1,哈尔滨市,45.58,126.29,2025-07-02,22.4,31.39,30.44,22.54,29.12,23.46,2.73
1,哈尔滨市,45.58,126.29,2025-07-03,23.86,32.11,30.59,24.74,29.95,24.57,0.0
1,哈尔滨市,45.58,126.29,2025-07-04,22.84,32.2,32.14,24.03,29.53,24.84,0.0
1,哈尔滨市,45.58,126.29,2025-07-05,18.81,26.38,24.48,25.37,21.03,22.96,8.63
1,哈尔滨市,45.58,126.29,2025-07-06,17.24,29.12,28.23,18.05,26.9,19.92,0.0
1,哈尔滨市,45.58,126.29,2025-07-07,18.71,31.71,30.11,19.94,26.79,20.9,0.0
1,哈尔滨市,45.58,126.29,2025-07-08,19.37,31.21,30.25,21.21,28.36,20.83,0.0
1,哈尔滨市,45.58,126.29,2025-07-09,20.08,33.14,32.1,21.52,29.88,21.86,0.0
1,哈尔滨市,45.58,126.29,2025-07-10,21.41,34.67,32.45,24.36,32.08,24.73,0.0
1,哈尔滨市,45.58,126.29,2025-07-11,24.23,34.83,33.53,26.11,31.5,26.12,0.0
1,哈尔滨市,45.58,126.29,2025-07-12,22.47,33.97,32.46,27.6,30.19,25.66,3.06
1,哈尔滨市,45.58,126.29,2025-07-13,20.25,27.59,27.04,22.38,24.96,21.26,0.0
1,哈尔滨市,45.58,126.29,2025-07-14,18.16,29.42,28.6,21.79,26.61,20.89,0.0
1,哈尔滨市,45.58,126.29,2025-07-15,18.14,30.29,29.72,19.57,27.77,21.83,0.0
1,哈尔滨市,45.58,126.29,2025-07-16,19.66,27.42,25.68,21.55,26.13,20.1,0.0
1,哈尔滨市,45.58,126.29,2025-07-17,21.17,28.72,26.15,21.37,27.35,23.02,0.0
1,哈尔滨市,45.58,126.29,2025-07-18,20.54,29.47,29.36,21.6,27.31,22.82,4.79
1,哈尔滨市,45.58,126.29,2025-07-19,20.63,32.02,30.96,21.43,27.92,22.87,0.0
1,哈尔滨市,45.58,126.29,2025-07-20,20.38,25.13,20.38,24.3,24.17,22.31,3.05
1,哈尔滨市,45.58,126.29,2025-07-21,19.24,31.09,29.47,20.28,27.71,20.98,0.18
1,哈尔滨市,45.58,126.29,2025-07-22,21.52,34.77,32.69,22.59,30.62,22.69,0.0
1,哈尔滨市,45.58,126.29,2025-07-23,23.33,33.53,31.18,27.26,29.94,24.81,0.0
1,哈尔滨市,45.58,126.29,2025-07-24,23.04,31.19,29.55,24.94,25.73,24.06,0.0
1,哈尔滨市,45.58,126.29,2025-07-25,21.31,28.58,25.21,22.59,28.58,22.92,3.78
1,哈尔滨市,45.58,126.29,2025-07-26,21.16,24.62,24.62,21.16,22.54,22.83,20.99
1,哈尔滨市,45.58,126.29,2025-07-27,22.62,31.24,29.54,23.27,28.68,22.89,2.45
1,哈尔滨市,45.58,126.29,2025-07-28,21.73,30.5,29.75,22.44,27.34,23.2,0.0
1,哈尔滨市,45.58,126.29,2025-07-29,20.58,27.83,25.89,20.74,21.5,22.05,9.53
1,哈尔滨市,45.58,126.29,2025-07-30,19.06,30.1,25.58,20.51,26.37,19.35,0.0
1,哈尔滨市,45.58,126.29,2025-07-31,17.21,29.1,27.33,18.45,25.68,18.89,0.0
1,哈尔滨市,45.58,126.29,2025-08-01,20.26,30.29,28.85,20.68,28.58,22.14,0.0
1,哈尔滨市,45.58,126.29,2025-08-02,19.97,30.02,25.47,21.72,25.14,21.6,10.91
1,哈尔滨市,45.58,126.29,2025-08-03,18.26,23.77,22.07,22.46,22.2,20.72,0.0
1,哈尔滨市,45.58,126.29,2025-08-04,16.79,30.23,28.66,17.68,26.96,21.33,0.0
1,哈尔滨市,45.58,126.29,2025-08-05,18.51,26.34,25.34,21.71,22.29,20.06,1.53
1,哈尔滨市,45.58,126.29,2025-08-06,16.85,29.71,26.55,17.58,24.25,18.96,4.09
1,哈尔滨市,45.58,126.29,2025-08-07,16.1,26.17,25.32,18.43,23.36,17.28,0.0
1,哈尔滨市,45.58,126.29,2025-08-08,16.01,27.41,26.17,17.14,23.64,18.19,0.0
1,哈尔滨市,45.58,126.29,2025-08-09,17.77,23.8,22.06,19.38,22.03,18.11,2.17
1,哈尔滨市,45.58,126.29,2025-08-10,14.46,26.09,25.77,16.81,20.75,14.46,0.0
1,哈尔滨市,45.58,126.29,2025-08-11,13.2,25.45,24.3,14.22,21.89,15.28,0.0
1,哈尔滨市,45.58,126.29,2025-08-12,16.2,26.08,24.37,16.21,23.41,17.26,0.0
1,哈尔滨市,45.58,126.29,2025-08-13,19.63,26.93,25.94,21.07,24.82,20.03,8.67
1,哈尔滨市,45.58,126.29,2025-08-14,14.99,28.08,26.77,20.88,23.93,16.15,0.0
1,哈尔滨市,45.58,126.29,2025-08-15,16.43,28.62,28.62,18.55,24.92,18.35,0.17
1,哈尔滨市,45.58,126.29,2025-08-16,16.93,26.33,23.68,21.56,24.32,21.22,0.29
1,哈尔滨市,45.58,126.29,2025-08-17,14.13,24.4,22.77,17.62,19.88,16.06,0.0
1,哈尔滨市,45.58,126.29,2025-08-18,14.14,23.61,22.43,14.91,20.1,14.93,0.1
1,哈尔滨市,45.58,126.29,2025-08-19,16.65,29.29,27.51,16.65,23.76,19.79,0.64
1,哈尔滨市,45.58,126.29,2025-08-20,15.45,26.37,24.77,17.84,21.73,17.13,0.0
1,哈尔滨市,45.58,126.29,2025-08-21,16.23,25.74,24.53,16.93,22.51,17.89,10.05
1,哈尔滨市,45.58,126.29,2025-08-22,17.63,26.9,20.83,17.63,23.48,20.42,2.7
1,哈尔滨市,45.58,126.29,2025-08-23,18.5,27.37,26.93,19.16,23.65,19.43,0.0
1,哈尔滨市,45.58,126.29,2025-08-24,19.54,27.78,26.97,20.77,23.52,20.96,0.0
1,哈尔滨市,45.58,126.29,2025-08-25,17.72,26.52,26.52,19.22,23.88,19.42,1.16
1,哈尔滨市,45.58,126.29,2025-08-26,16.45,26.62,24.67,17.24,21.84,17.23,3.97
1,哈尔滨市,45.58,126.29,2025-08-27,15.56,25.0,24.52,16.62,21.54,17.16,0.0
1,哈尔滨市,45.58,126.29,2025-08-28,16.98,20.73,18.13,18.74,17.62,18.07,0.38
1,哈尔滨市,45.58,126.29,2025-08-29,15.32,26.01,23.31,16.28,21.77,16.72,0.64
1,哈尔滨市,45.58,126.29,2025-08-30,16.96,29.39,25.49,17.81,23.22,17.71,0.0
1,哈尔滨市,45.58,126.29,2025-08-31,17.22,25.35,24.43,18.95,20.56,18.89,2.27
1,哈尔滨市,45.58,126.29,2025-09-01,15.84,26.74,25.68,16.51,23.14,17.06,1.04
1,哈尔滨市,45.58,126.29,2025-09-02,16.26,27.17,26.16,17.61,21.37,16.96,0.0
1,哈尔滨市,45.58,126.29,2025-09-03,17.73,27.72,27.51,18.17,23.86,18.9,0.0
1,哈尔滨市,45.58,126.29,2025-09-04,18.57,28.89,27.99,19.81,24.44,18.95,0.0
1,哈尔滨市,45.58,126.29,2025-09-05,17.57,28.34,26.71,19.2,25.39,18.13,0.12
1,哈尔滨市,45.58,126.29,2025-09-06,16.31,24.85,24.08,21.67,19.63,17.35,6.62
1,哈尔滨市,45.58,126.29,2025-09-07,12.92,23.26,22.78,16.24,17.3,16.85,0.0
1,哈尔滨市,45.58,126.29,2025-09-08,11.92,22.31,22.28,12.39,18.63,13.32,0.0
1,哈尔滨市,45.58,126.29,2025-09-09,10.02,22.94,21.42,11.87,19.42,10.41,0.0
1,哈尔滨市,45.58,126.29,2025-09-10,11.73,23.81,22.76,12.27,19.53,13.7,0.0
1,哈尔滨市,45.58,126.29,2025-09-11,11.37,24.79,24.35,12.97,22.78,11.95,0.25
1,哈尔滨市,45.58,126.29,2025-09-12,16.2,24.7,24.7,18.87,21.17,19.08,3.42
1,哈尔滨市,45.58,126.29,2025-09-13,16.03,27.5,26.8,16.19,20.45,17.04,0.0
1,哈尔滨市,45.58,126.29,2025-09-14,14.1,26.6,24.63,17.04,22.95,17.3,0.89
1,哈尔滨市,45.58,126.29,2025-09-15,12.7,23.12,22.03,13.78,19.4,13.11,1.36
1,哈尔滨市,45.58,126.29,2025-09-16,8.72,19.84,19.84,12.98,12.71,14.16,0.14
1,哈尔滨市,45.58,126.29,2025-09-17,7.07,18.63,17.86,8.45,13.39,7.64,0.0
1,哈尔滨市,45.58,126.29,2025-09-18,8.32,21.76,20.35,9.73,15.59,8.98,0.0
1,哈尔滨市,45.58,126.29,2025-09-19,9.59,23.97,23.6,10.94,17.15,9.92,0.0
1,哈尔滨市,45.58,126.29,2025-09-20,12.09,22.31,21.33,13.24,15.67,12.78,0.0
1,哈尔滨市,45.58,126.29,2025-09-21,9.76,21.5,20.69,11.66,15.86,9.92,0.0
1,哈尔滨市,45.58,126.29,2025-09-22,10.12,22.79,21.6,11.73,18.19,10.35,0.0
1,哈尔滨市,45.58,126.29,2025-09-23,12.2,26.44,24.95,13.42,19.86,12.33,0.0
1,哈尔滨市,45.58,126.29,2025-09-24,13.49,16.88,14.83,16.79,15.67,14.45,8.94
1,哈尔滨市,45.58,126.29,2025-09-25,10.91,22.19,21.39,12.39,17.34,10.91,0.0
1,哈尔滨市,45.58,126.29,2025-09-26,11.33,23.83,22.35,11.82,18.57,11.77,0.0
1,哈尔滨市,45.58,126.29,2025-09-27,12.3,25.62,25.5,14.3,20.25,12.3,0.0
1,哈尔滨市,45.58,126.29,2025-09-28,14.01,24.69,22.55,15.83,19.0,14.95,0.0
1,哈尔滨市,45.58,126.29,2025-09-29,10.61,24.18,21.38,13.37,19.35,10.73,0.0
1,哈尔滨市,45.58,126.29,2025-09-30,13.93,25.89,24.55,15.43,20.5,13.93,0.0
2,尚志市,45.21,127.96,2025-04-01,-0.18,9.93,9.84,-0.18,4.62,1.58,5.67
2,尚志市,45.21,127.96,2025-04-02,1.1,7.32,6.44,3.73,5.42,1.75,0.0
2,尚志市,45.21,127.96,2025-04-03,0.08,11.5,10.63,1.32,8.46,1.0,0.0
2,尚志市,45.21,127.96,2025-04-04,2.14,15.22,13.47,4.13,11.25,2.96,0.0
2,尚志市,45.21,127.96,2025-04-05,4.85,7.95,6.06,7.95,5.5,5.66,1.21
2,尚志市,45.21,127.96,2025-04-06,3.45,7.56,6.1,4.98,6.42,3.78,0.0
2,尚志市,45.21,127.96,2025-04-07,1.54,14.75,12.1,2.99,11.07,2.4,0.0
2,尚志市,45.21,127.96,2025-04-08,5.89,16.32,15.75,8.27,12.66,6.39,0.0
2,尚志市,45.21,127.96,2025-04-09,6.61,18.69,17.34,8.12,14.77,7.58,0.0
2,尚志市,45.21,127.96,2025-04-10,8.17,19.99,18.02,9.63,14.84,8.67,0.0
2,尚志市,45.21,127.96,2025-04-11,9.21,22.5,21.2,10.22,18.64,10.24,0.7
2,尚志市,45.21,127.96,2025-04-12,10.85,20.0,19.12,13.33,15.15,11.66,1.34
2,尚志市,45.21,127.96,2025-04-13,5.5,11.58,10.82,10.58,10.0,9.63,0.87
2,尚志市,45.21,127.96,2025-04-14,3.6,12.27,11.35,4.62,9.96,4.04,0.0
2,尚志市,45.21,127.96,2025-04-15,4.04,12.83,10.0,5.72,8.83,5.1,0.46
2,尚志市,45.21,127.96,2025-04-16,1.71,13.64,12.87,3.78,10.03,3.31,0.0
2,尚志市,45.21,127.96,2025-04-17,3.32,19.58,17.73,6.04,15.35,4.72,0.31
2,尚志市,45.21,127.96,2025-04-18,6.17,13.58,8.67,12.23,10.63,7.4,2.39
2,尚志市,45.21,127.96,2025-04-19,4.26,16.01,15.61,6.01,11.67,6.5,0.0
2,尚志市,45.21,127.96,2025-04-20,4.64,18.61,17.15,6.05,15.38,6.27,0.0
2,尚志市,45.21,127.96,2025-04-21,10.11,22.62,22.2,11.28,16.0,12.11,11.54
2,尚志市,45.21,127.96,2025-04-22,5.25,13.19,12.05,10.24,10.11,5.54,3.02
2,尚志市,45.21,127.96,2025-04-23,4.36,21.08,19.24,5.55,15.55,6.11,0.55
2,尚志市,45.21,127.96,2025-04-24,4.44,11.04,10.05,7.87,9.5,6.67,0.0
2,尚志市,45.21,127.96,2025-04-25,3.26,8.71,7.18,4.4,7.45,4.63,0.0
2,尚志市,45.21,127.96,2025-04-26,2.13,14.97,11.83,2.73,11.3,4.43,0.0
2,尚志市,45.21,127.96,2025-04-27,4.67,13.24,12.01,8.81,8.86,8.26,0.0
2,尚志市,45.21,127.96,2025-04-28,2.56,13.4,12.44,4.69,10.36,4.55,0.0
2,尚志市,45.21,127.96,2025-04-29,3.85,19.76,17.56,5.92,15.51,6.45,0.0
2,尚志市,45.21,127.96,2025-04-30,7.5,20.68,19.89,9.75,15.79,9.73,2.88
2,尚志市,45.21,127.96,2025-05-01,3.32,9.1,6.78,9.1,6.86,8.16,8.73
2,尚志市,45.21,127.96,2025-05-02,2.35,15.6,14.64,2.99,12.04,4.62,0.0
2,尚志市,45.21,127.96,2025-05-03,6.09,13.89,13.86,7.3,10.25,7.76,1.74
2,尚志市,45.21,127.96,2025-05-04,4.75,12.95,12.05,6.53,9.47,7.25,0.18
2,尚志市,45.21,127.96,2025-05-05,2.84,15.25,14.33,5.7,11.57,5.56,0.0
2,尚志市,45.21,127.96,2025-05-06,2.83,15.24,14.79,5.65,8.62,5.74,1.6
2,尚志市,45.21,127.96,2025-05-07,3.64,15.29,14.98,5.43,10.65,6.35,3.46
2,尚志市,45.21,127.96,2025-05-08,7.09,15.34,11.88,7.59,9.89,9.21,3.2
2,尚志市,45.21,127.96,2025-05-09,8.66,15.64,13.9,9.85,12.1,11.83,0.0
2,尚志市,45.21,127.96,2025-05-10,7.88,17.43,16.14,8.94,14.41,9.24,0.0
2,尚志市,45.21,127.96,2025-05-11,6.64,21.74,20.27,8.2,17.19,10.16,0.0
2,尚志市,45.21,127.96,2025-05-12,10.98,24.87,23.76,12.02,21.5,14.3,0.0
2,尚志市,45.21,127.96,2025-05-13,15.08,25.66,25.66,15.56,18.95,17.01,3.46
2,尚志市,45.21,127.96,2025-05-14,10.48,18.47,13.84,16.27,12.57,16.26,8.27
2,尚志市,45.21,127.96,2025-05-15,9.76,20.25,18.91,10.53,17.7,11.99,0.16
2,尚志市,45.21,127.96,2025-05-16,8.51,16.52,14.63,14.52,13.04,12.12,1.92
2,尚志市,45.21,127.96,2025-05-17,5.0,17.55,8.37,8.42,8.36,16.51,3.72
2,尚志市,45.21,127.96,2025-05-18,4.57,15.08,14.5,4.57,9.55,6.42,0.79
2,尚志市,45.21,127.96,2025-05-19,5.2,15.32,13.91,7.98,11.16,8.77,4.74
2,尚志市,45.21,127.96,2025-05-20,3.83,18.54,17.8,4.5,12.3,7.95,0.0
2,尚志市,45.21,127.96,2025-05-21,5.64,19.97,19.46,6.41,15.15,9.54,0.0
2,尚志市,45.21,127.96,2025-05-22,6.87,18.33,17.67,8.79,13.22,10.13,0.0
2,尚志市,45.21,127.96,2025-05-23,6.02,20.29,20.11,7.87,16.45,9.95,0.0
2,尚志市,45.21,127.96,2025-05-24,8.11,19.19,19.19,8.88,14.94,11.14,0.0
2,尚志市,45.21,127.96,2025-05-25,6.98,21.02,19.3,8.51,17.15,10.25,0.0
2,尚志市,45.21,127.96,2025-05-26,8.71,20.65,18.98,10.28,17.11,12.64,0.0
2,尚志市,45.21,127.96,2025-05-27,9.63,25.92,24.42,10.27,22.47,14.12,0.0
2,尚志市,45.21,127.96,2025-05-28,12.46,27.79,26.91,14.44,24.8,16.6,0.0
2,尚志市,45.21,127.96,2025-05-29,14.2,28.24,27.42,16.54,23.91,17.85,0.0
2,尚志市,45.21,127.96,2025-05-30,15.02,29.93,29.01,16.68,24.63,18.66,0.0
2,尚志市,45.21,127.96,2025-05-31,16.44,27.77,27.67,18.12,22.6,19.04,0.0
2,尚志市,45.21,127.96,2025-06-01,11.42,22.71,18.7,16.57,20.05,16.46,0.0
2,尚志市,45.21,127.96,2025-06-02,9.35,22.95,21.64,10.74,14.89,13.46,8.1
2,尚志市,45.21,127.96,2025-06-03,9.79,20.42,19.32,13.22,14.33,13.69,5.17
2,尚志市,45.21,127.96,2025-06-04,9.01,20.78,20.78,9.88,18.16,11.8,0.0
2,尚志市,45.21,127.96,2025-06-05,9.99,19.21,19.21,11.12,15.81,13.83,1.41
2,尚志市,45.21,127.96,2025-06-06,7.65,22.25,22.06,9.63,17.07,11.75,0.0
2,尚志市,45.21,127.96,2025-06-07,8.49,21.4,19.89,9.19,18.37,12.11,0.0
2,尚志市,45.21,127.96,2025-06-08,9.91,27.61,24.98,11.66,23.34,13.92,0.0
2,尚志市,45.21,127.96,2025-06-09,12.71,23.29,22.85,15.23,17.44,15.75,0.0
2,尚志市,45.21,127.96,2025-06-10,9.72,18.03,13.7,14.05,12.59,12.88,18.65
2,尚志市,45.21,127.96,2025-06-11,10.96,22.71,20.98,11.41,21.12,13.89,0.0
2,尚志市,45.21,127.96,2025-06-12,12.18,27.28,26.79,13.35,22.59,16.18,0.29
2,尚志市,45.21,127.96,2025-06-13,16.2,25.36,24.85,18.19,22.55,17.93,0.87
2,尚志市,45.21,127.96,2025-06-14,16.13,25.5,21.04,16.13,22.41,19.7,0.0
2,尚志市,45.21,127.96,2025-06-15,15.1,26.67,24.94,15.8,23.54,18.68,0.0
2,尚志市,45.21,127.96,2025-06-16,17.47,25.79,24.19,19.24,22.35,18.69,1.1
2,尚志市,45.21,127.96,2025-06-17,12.73,24.53,23.77,16.27,20.43,16.46,2.63
2,尚志市,45.21,127.96,2025-06-18,11.68,28.86,27.99,12.19,24.71,16.34,0.0
2,尚志市,45.21,127.96,2025-06-19,17.62,23.32,22.95,18.88,19.67,19.73,15.51
2,尚志市,45.21,127.96,2025-06-20,14.75,21.42,20.44,17.4,18.29,17.54,11.5
2,尚志市,45.21,127.96,2025-06-21,12.22,20.36,20.36,14.3,17.71,13.56,0.0
2,尚志市,45.21,127.96,2025-06-22,14.12,27.77,25.21,14.12,24.8,15.44,0.0
2,尚志市,45.21,127.96,2025-06-23,14.42,30.78,29.88,16.58,26.62,18.23,0.0
2,尚志市,45.21,127.96,2025-06-24,17.81,31.82,31.21,19.22,28.26,20.98,0.0
2,尚志市,45.21,127.96,2025-06-25,19.82,34.47,33.69,21.58,29.7,23.51,0.0
2,尚志市,45.21,127.96,2025-06-26,19.2,33.95,32.99,23.6,29.28,23.88,0.0
2,尚志市,45.21,127.96,2025-06-27,19.48,32.81,30.82,20.44,28.73,22.37,0.0
2,尚志市,45.21,127.96,2025-06-28,19.84,30.37,30.37,20.83,21.75,21.4,2.06
2,尚志市,45.21,127.96,2025-06-29,19.56,26.12,24.77,19.62,24.26,21.21,0.0
2,尚志市,45.21,127.96,2025-06-30,19.54,25.44,25.42,20.08,21.68,22.06,7.03
2,尚志市,45.21,127.96,2025-07-01,20.82,26.77,25.68,21.38,25.69,21.11,10.7
2,尚志市,45.21,127.96,2025-07-02,21.24,30.18,28.79,21.34,27.97,22.9,1.37
2,尚志市,45.21,127.96,2025-07-03,21.89,29.99,27.31,25.04,26.99,23.83,0.0
2,尚志市,45.21,127.96,2025-07-04,21.1,31.6,31.02,21.84,29.19,23.21,0.0
2,尚志市,45.21,127.96,2025-07-05,21.62,29.18,25.21,23.67,22.37,24.37,7.91
2,尚志市,45.21,127.96,2025-07-06,17.56,27.44,27.33,20.83,23.13,19.25,0.0
2,尚志市,45.21,127.96,2025-07-07,15.74,30.04,28.67,17.14,24.27,18.6,0.0
2,尚志市,45.21,127.96,2025-07-08,15.72,28.47,26.73,16.79,24.54,17.79,0.0
2,尚志市,45.21,127.96,2025-07-09,17.93,30.91,29.75,20.17,26.0,20.38,0.0
2,尚志市,45.21,127.96,2025-07-10,16.84,33.22,31.89,19.97,29.52,19.85,0.0
2,尚志市,45.21,127.96,2025-07-11,21.7,33.2,32.43,22.3,29.84,24.87,0.0
2,尚志市,45.21,127.96,2025-07-12,19.94,31.23,31.03,24.11,28.55,24.96,4.02
2,尚志市,45.21,127.96,2025-07-13,18.75,26.77,26.04,19.51,23.92,21.52,0.0
2,尚志市,45.21,127.96,2025-07-14,16.18,29.23,28.52,18.57,25.16,19.27,0.0
2,尚志市,45.21,127.96,2025-07-15,15.73,29.31,29.31,17.29,26.85,19.03,0.0
2,尚志市,45.21,127.96,2025-07-16,18.94,28.15,27.14,19.47,24.34,20.54,0.0
2,尚志市,45.21,127.96,2025-07-17,18.52,28.44,26.32,19.59,24.69,20.61,0.0
2,尚志市,45.21,127.96,2025-07-18,20.02,30.03,28.54,20.82,26.24,21.43,1.38
2,尚志市,45.21,127.96,2025-07-19,19.89,30.95,30.29,20.81,28.14,21.87,0.1
2,尚志市,45.21,127.96,2025-07-20,20.24,27.45,27.35,21.81,22.72,22.61,2.97
2,尚志市,45.21,127.96,2025-07-21,20.02,30.89,29.6,20.1,27.35,21.42,0.0
2,尚志市,45.21,127.96,2025-07-22,18.61,34.15,32.37,19.42,30.46,22.11,0.0
2,尚志市,45.21,127.96,2025-07-23,22.24,33.48,32.29,25.44,29.31,23.55,0.0
2,尚志市,45.21,127.96,2025-07-24,21.14,32.38,30.5,22.22,26.23,23.72,0.0
2,尚志市,45.21,127.96,2025-07-25,20.95,24.01,23.02,22.32,24.01,22.16,12.47
2,尚志市,45.21,127.96,2025-07-26,19.65,23.12,21.99,20.29,19.9,22.27,13.3
2,尚志市,45.21,127.96,2025-07-27,20.45,27.77,26.3,20.57,25.4,22.05,1.24
2,尚志市,45.21,127.96,2025-07-28,21.18,30.3,29.63,22.54,26.43,22.65,0.0
2,尚志市,45.21,127.96,2025-07-29,18.88,28.57,27.46,20.36,21.51,21.19,7.06
2,尚志市,45.21,127.96,2025-07-30,17.14,26.38,25.81,20.12,23.49,20.53,1.41
2,尚志市,45.21,127.96,2025-07-31,16.4,28.27,27.45,16.71,24.61,18.85,0.0
2,尚志市,45.21,127.96,2025-08-01,18.87,30.21,29.39,19.48,26.23,21.23,0.0
2,尚志市,45.21,127.96,2025-08-02,17.82,30.11,27.99,19.5,26.07,20.34,2.71
2,尚志市,45.21,127.96,2025-08-03,19.01,26.24,26.24,20.55,21.9,22.27,0.0
2,尚志市,45.21,127.96,2025-08-04,16.45,28.72,27.87,17.91,24.73,18.76,0.0
2,尚志市,45.21,127.96,2025-08-05,17.32,27.69,27.69,18.48,21.85,19.18,12.8
2,尚志市,45.21,127.96,2025-08-06,16.35,26.63,23.35,17.23,22.5,18.22,0.0
2,尚志市,45.21,127.96,2025-08-07,15.01,24.73,24.73,16.61,22.52,16.69,0.0
2,尚志市,45.21,127.96,2025-08-08,15.13,26.58,25.97,17.88,23.53,17.18,0.0
2,尚志市,45.21,127.96,2025-08-09,16.53,23.09,20.35,17.86,19.99,19.42,4.25
2,尚志市,45.21,127.96,2025-08-10,13.82,25.47,25.47,16.03,20.14,16.47,0.0
2,尚志市,45.21,127.96,2025-08-11,12.3,24.54,23.26,13.45,21.34,14.64,0.0
2,尚志市,45.21,127.96,2025-08-12,13.95,27.45,21.17,14.65,23.23,16.53,0.73
2,尚志市,45.21,127.96,2025-08-13,19.03,29.4,28.38,19.09,24.39,19.27,0.84
2,尚志市,45.21,127.96,2025-08-14,17.63,28.71,28.02,18.57,24.48,19.07,0.39
2,尚志市,45.21,127.96,2025-08-15,16.28,30.42,30.1,17.14,25.01,18.07,4.72
2,尚志市,45.21,127.96,2025-08-16,17.33,24.51,22.94,19.99,21.27,21.24,1.4
2,尚志市,45.21,127.96,2025-08-17,13.26,23.87,23.15,16.75,18.03,16.08,0.0
2,尚志市,45.21,127.96,2025-08-18,11.5,25.49,24.92,13.1,19.92,14.35,0.0
2,尚志市,45.21,127.96,2025-08-19,15.34,29.26,29.06,16.11,23.57,17.64,4.71
2,尚志市,45.21,127.96,2025-08-20,15.39,26.93,26.93,17.19,20.67,17.29,0.0
2,尚志市,45.21,127.96,2025-08-21,14.84,26.76,26.51,15.56,23.14,17.2,8.8
2,尚志市,45.21,127.96,2025-08-22,16.22,23.01,23.01,19.99,21.14,18.41,22.21
2,尚志市,45.21,127.96,2025-08-23,17.65,28.15,27.59,18.24,23.24,19.42,0.28
2,尚志市,45.21,127.96,2025-08-24,17.99,24.72,24.25,19.46,21.41,20.43,0.22
2,尚志市,45.21,127.96,2025-08-25,17.17,26.09,24.97,17.85,21.73,18.71,6.3
2,尚志市,45.21,127.96,2025-08-26,16.14,23.1,23.1,17.95,19.52,18.12,7.24
2,尚志市,45.21,127.96,2025-08-27,14.26,24.18,23.92,15.68,20.51,15.66,0.0
2,尚志市,45.21,127.96,2025-08-28,16.32,20.72,20.26,17.9,17.33,17.68,1.63
2,尚志市,45.21,127.96,2025-08-29,14.99,23.27,20.48,15.53,19.36,16.77,0.5
2,尚志市,45.21,127.96,2025-08-30,16.69,26.19,25.62,17.29,21.28,17.85,0.27
2,尚志市,45.21,127.96,2025-08-31,16.97,25.11,23.88,17.87,20.87,18.22,0.11
2,尚志市,45.21,127.96,2025-09-01,16.19,25.95,25.1,17.45,21.53,17.32,0.0
2,尚志市,45.21,127.96,2025-09-02,15.1,26.64,26.22,16.84,20.28,16.15,0.23
2,尚志市,45.21,127.96,2025-09-03,15.7,27.84,27.29,15.76,22.06,17.48,0.0
2,尚志市,45.21,127.96,2025-09-04,16.68,28.19,27.23,18.39,22.71,17.91,0.0
2,尚志市,45.21,127.96,2025-09-05,17.08,27.99,26.89,17.76,23.51,18.43,0.2
2,尚志市,45.21,127.96,2025-09-06,13.14,24.73,24.21,19.51,18.14,18.67,9.58
2,尚志市,45.21,127.96,2025-09-07,11.17,24.01,23.08,12.81,15.66,13.81,0.1
2,尚志市,45.21,127.96,2025-09-08,9.7,21.67,21.38,10.65,15.27,11.04,0.0
2,尚志市,45.21,127.96,2025-09-09,7.88,22.07,20.36,9.2,14.97,9.11,0.0
2,尚志市,45.21,127.96,2025-09-10,9.15,23.16,22.77,11.49,17.7,11.57,0.0
2,尚志市,45.21,127.96,2025-09-11,9.96,25.16,23.51,11.67,18.3,11.35,0.0
2,尚志市,45.21,127.96,2025-09-12,14.54,24.62,22.65,15.19,19.17,17.03,1.99
2,尚志市,45.21,127.96,2025-09-13,15.11,25.7,24.84,16.18,19.74,16.06,0.38
2,尚志市,45.21,127.96,2025-09-14,14.84,24.65,22.56,15.18,20.7,15.95,1.51
2,尚志市,45.21,127.96,2025-09-15,13.06,21.5,19.92,14.83,17.33,13.06,0.2
2,尚志市,45.21,127.96,2025-09-16,9.06,19.67,17.34,12.77,12.67,14.56,0.4
2,尚志市,45.21,127.96,2025-09-17,5.99,17.67,17.39,8.62,11.88,6.63,0.0
2,尚志市,45.21,127.96,2025-09-18,5.85,20.23,19.32,7.77,13.71,6.93,0.0
2,尚志市,45.21,127.96,2025-09-19,7.48,21.64,21.24,8.95,15.19,8.56,0.0
2,尚志市,45.21,127.96,2025-09-20,10.25,22.28,21.45,11.94,15.13,11.2,0.0
2,尚志市,45.21,127.96,2025-09-21,8.23,21.01,20.19,9.76,13.46,9.16,0.0
2,尚志市,45.21,127.96,2025-09-22,8.07,22.1,21.53,9.34,16.2,9.11,0.0
2,尚志市,45.21,127.96,2025-09-23,9.76,24.76,23.92,12.32,18.43,10.61,0.0
2,尚志市,45.21,127.96,2025-09-24,13.09,15.23,13.27,15.23,14.9,14.14,7.45
2,尚志市,45.21,127.96,2025-09-25,12.09,21.83,21.51,13.94,17.99,12.09,0.0
2,尚志市,45.21,127.96,2025-09-26,9.82,22.35,21.79,11.61,16.37,10.25,0.0
2,尚志市,45.21,127.96,2025-09-27,9.75,24.55,24.03,11.49,17.58,10.44,0.0
2,尚志市,45.21,127.96,2025-09-28,12.01,20.75,19.7,13.74,15.95,12.31,0.53
2,尚志市,45.21,127.96,2025-09-29,10.42,22.87,21.6,11.82,16.43,10.78,0.0
2,尚志市,45.21,127.96,2025-09-30,12.17,25.69,25.08,12.62,17.72,12.26,0.17
3,五常市,44.92,127.16,2025-04-01,2.22,10.77,10.1,2.22,6.17,2.99,1.81
3,五常市,44.92,127.16,2025-04-02,1.47,9.53,6.82,3.62,6.35,1.91,0.0
3,五常市,44.92,127.16,2025-04-03,0.49,12.72,11.27,2.14,10.06,1.11,0.0
3,五常市,44.92,127.16,2025-04-04,3.05,15.34,15.11,5.34,12.04,3.6,0.0
3,五常市,44.92,127.16,2025-04-05,4.44,8.71,6.76,8.61,5.78,6.29,1.48
3,五常市,44.92,127.16,2025-04-06,3.44,8.78,5.76,4.15,7.17,4.13,0.1
3,五常市,44.92,127.16,2025-04-07,2.1,15.64,13.77,3.0,12.1,2.82,0.6
3,五常市,44.92,127.16,2025-04-08,6.6,16.53,15.66,9.12,13.63,6.88,0.0
3,五常市,44.92,127.16,2025-04-09,7.5,19.13,18.15,9.22,15.39,8.12,0.0
3,五常市,44.92,127.16,2025-04-10,8.01,20.33,18.06,9.54,15.14,8.46,0.0
3,五常市,44.92,127.16,2025-04-11,10.06,22.88,22.11,12.72,16.71,11.29,0.5
3,五常市,44.92,127.16,2025-04-12,11.82,20.76,18.91,14.03,17.38,12.53,0.0
3,五常市,44.92,127.16,2025-04-13,5.53,12.15,11.47,12.15,10.09,10.13,6.38
3,五常市,44.92,127.16,2025-04-14,3.63,12.72,10.66,5.19,9.27,4.15,0.0
3,五常市,44.92,127.16,2025-04-15,4.37,13.83,11.67,5.03,10.63,4.74,0.24
3,五常市,44.92,127.16,2025-04-16,2.36,14.29,12.9,4.43,11.36,3.78,0.0
3,五常市,44.92,127.16,2025-04-17,5.05,21.66,19.23,6.56,18.55,6.49,0.96
3,五常市,44.92,127.16,2025-04-18,6.5,13.42,11.95,11.77,11.02,7.05,3.64
3,五常市,44.92,127.16,2025-04-19,6.02,15.35,14.92,7.66,11.91,7.31,0.0
3,五常市,44.92,127.16,2025-04-20,5.61,19.89,17.49,7.05,17.24,6.9,0.0
3,五常市,44.92,127.16,2025-04-21,10.35,21.49,20.41,12.85,16.0,13.37,9.18
3,五常市,44.92,127.16,2025-04-22,5.15,12.77,11.56,10.09,10.63,5.15,6.47
3,五常市,44.92,127.16,2025-04-23,5.02,20.14,18.71,6.08,14.21,6.39,0.0
3,五常市,44.92,127.16,2025-04-24,5.22,11.88,9.71,8.38,9.94,6.54,0.0
3,五常市,44.92,127.16,2025-04-25,3.68,9.64,6.16,5.82,8.4,4.56,0.56
3,五常市,44.92,127.16,2025-04-26,3.28,15.37,13.51,4.06,12.54,4.63,1.22
3,五常市,44.92,127.16,2025-04-27,6.17,12.82,11.83,9.76,10.3,8.82,2.98
3,五常市,44.92,127.16,2025-04-28,3.52,13.35,12.24,5.56,11.77,5.57,0.0
3,五常市,44.92,127.16,2025-04-29,5.08,19.57,18.56,7.44,17.54,7.03,0.0
3,五常市,44.92,127.16,2025-04-30,9.12,19.71,18.56,12.39,15.89,10.64,3.56
3,五常市,44.92,127.16,2025-05-01,4.48,10.12,7.06,9.56,7.42,7.93,7.04
3,五常市,44.92,127.16,2025-05-02,3.72,16.41,15.19,4.2,13.91,5.83,0.0
3,五常市,44.92,127.16,2025-05-03,7.07,13.99,13.66,9.71,8.94,8.86,1.29
3,五常市,44.92,127.16,2025-05-04,5.45,14.14,13.69,8.55,10.12,7.06,4.03
3,五常市,44.92,127.16,2025-05-05,4.92,15.96,15.45,6.6,12.85,7.13,0.0
3,五常市,44.92,127.16,2025-05-06,4.96,15.35,14.46,7.47,11.97,7.18,2.38
3,五常市,44.92,127.16,2025-05-07,4.86,16.59,15.27,6.08,12.84,7.62,1.4
3,五常市,44.92,127.16,2025-05-08,8.39,13.43,11.79,11.09,11.27,10.49,7.31
3,五常市,44.92,127.16,2025-05-09,9.61,15.08,14.43,10.45,13.57,12.13,0.0
3,五常市,44.92,127.16,2025-05-10,8.35,18.95,17.53,9.1,15.55,10.13,0.0
3,五常市,44.92,127.16,2025-05-11,8.46,22.93,21.51,10.35,19.06,11.24,0.0
3,五常市,44.92,127.16,2025-05-12,13.57,26.51,24.33,13.57,23.15,15.53,0.23
3,五常市,44.92,127.16,2025-05-13,16.47,26.02,25.14,19.17,20.0,17.62,2.69
3,五常市,44.92,127.16,2025-05-14,10.26,17.79,13.97,16.32,11.56,16.45,12.04
3,五常市,44.92,127.16,2025-05-15,9.0,21.55,19.13,10.11,18.93,11.19,2.24
3,五常市,44.92,127.16,2025-05-16,10.84,23.11,16.8,14.55,17.96,12.73,0.36
3,五常市,44.92,127.16,2025-05-17,6.52,18.22,7.68,12.39,9.84,15.14,2.42
3,五常市,44.92,127.16,2025-05-18,5.13,16.64,14.85,6.55,13.18,7.28,0.0
3,五常市,44.92,127.16,2025-05-19,7.72,16.81,16.7,9.23,12.71,9.02,1.94
3,五常市,44.92,127.16,2025-05-20,6.37,18.56,18.2,7.04,13.01,9.9,0.0
3,五常市,44.92,127.16,2025-05-21,7.77,20.65,20.37,7.97,16.57,10.62,0.0
3,五常市,44.92,127.16,2025-05-22,9.55,19.4,19.4,10.5,16.71,11.53,0.0
3,五常市,44.92,127.16,2025-05-23,8.65,22.12,21.37,10.26,17.19,11.8,0.0
3,五常市,44.92,127.16,2025-05-24,10.32,19.39,18.6,11.13,16.87,13.34,0.0
3,五常市,44.92,127.16,2025-05-25,8.15,22.92,19.57,10.05,19.58,11.54,6.1
3,五常市,44.92,127.16,2025-05-26,12.2,20.9,18.06,13.71,19.31,13.84,2.13
3,五常市,44.92,127.16,2025-05-27,11.51,27.07,24.9,13.05,24.05,15.43,0.0
3,五常市,44.92,127.16,2025-05-28,13.89,28.16,27.25,15.64,26.06,17.3,0.0
3,五常市,44.92,127.16,2025-05-29,15.53,29.16,28.16,18.28,25.78,18.75,0.0
3,五常市,44.92,127.16,2025-05-30,16.04,30.07,29.38,18.17,26.17,19.57,0.0
3,五常市,44.92,127.16,2025-05-31,17.11,27.68,27.23,20.71,24.22,20.82,0.0
3,五常市,44.92,127.16,2025-06-01,13.05,22.75,16.72,16.95,21.81,15.77,0.0
3,五常市,44.92,127.16,2025-06-02,10.7,21.6,19.32,12.3,15.85,14.56,11.79
3,五常市,44.92,127.16,2025-06-03,11.61,21.08,19.18,13.78,14.4,13.12,0.86
3,五常市,44.92,127.16,2025-06-04,10.56,21.56,20.28,11.87,19.5,12.85,0.0
3,五常市,44.92,127.16,2025-06-05,12.07,20.42,20.0,13.27,18.11,15.4,3.61
3,五常市,44.92,127.16,2025-06-06,9.96,23.34,22.98,11.44,19.17,14.0,0.0
3,五常市,44.92,127.16,2025-06-07,9.94,22.19,20.15,11.43,17.6,13.83,0.0
3,五常市,44.92,127.16,2025-06-08,11.36,28.62,28.2,12.57,25.22,15.77,1.35
3,五常市,44.92,127.16,2025-06-09,13.51,23.59,23.0,16.17,18.68,15.24,0.13
3,五常市,44.92,127.16,2025-06-10,11.84,15.21,14.28,13.44,12.95,12.85,23.99
3,五常市,44.92,127.16,2025-06-11,12.19,24.23,22.21,12.33,22.36,13.19,0.0
3,五常市,44.92,127.16,2025-06-12,12.9,26.74,25.99,14.8,24.06,16.6,0.0
3,五常市,44.92,127.16,2025-06-13,18.2,27.08,24.47,20.0,24.5,20.24,0.3
3,五常市,44.92,127.16,2025-06-14,18.12,27.02,23.81,20.66,23.52,19.25,0.0
3,五常市,44.92,127.16,2025-06-15,16.72,27.89,26.38,17.89,24.33,18.95,0.77
3,五常市,44.92,127.16,2025-06-16,16.78,27.01,26.0,18.69,22.91,17.74,0.0
3,五常市,44.92,127.16,2025-06-17,15.03,24.1,22.87,16.47,21.74,17.25,0.13
3,五常市,44.92,127.16,2025-06-18,13.63,29.26,27.54,14.46,25.38,17.54,0.31
3,五常市,44.92,127.16,2025-06-19,17.67,23.14,23.14,20.79,19.92,20.11,15.49
3,五常市,44.92,127.16,2025-06-20,15.21,23.59,21.73,17.91,20.5,18.12,10.96
3,五常市,44.92,127.16,2025-06-21,12.87,22.01,21.22,15.06,19.34,14.7,0.0
3,五常市,44.92,127.16,2025-06-22,14.01,29.32,25.55,14.56,26.83,17.04,0.0
3,五常市,44.92,127.16,2025-06-23,15.95,31.62,30.62,17.86,27.68,19.65,0.0
3,五常市,44.92,127.16,2025-06-24,19.31,32.64,31.53,20.41,28.95,21.81,0.0
3,五常市,44.92,127.16,2025-06-25,21.36,35.37,34.25,23.06,32.31,23.98,0.0
3,五常市,44.92,127.16,2025-06-26,21.2,34.97,33.67,24.16,30.47,24.04,0.0
3,五常市,44.92,127.16,2025-06-27,21.51,33.06,31.93,22.6,25.72,24.09,0.0
3,五常市,44.92,127.16,2025-06-28,19.73,28.87,28.59,20.58,26.67,21.39,5.73
3,五常市,44.92,127.16,2025-06-29,20.09,28.13,26.63,20.53,24.93,21.53,0.0
3,五常市,44.92,127.16,2025-06-30,20.34,25.18,23.73,21.02,22.24,22.23,12.13
3,五常市,44.92,127.16,2025-07-01,21.21,28.48,26.46,21.58,25.93,22.11,2.59
3,五常市,44.92,127.16,2025-07-02,22.56,30.54,29.52,22.67,28.13,22.84,0.23
3,五常市,44.92,127.16,2025-07-03,23.27,30.5,28.36,24.76,27.85,24.27,0.0
3,五常市,44.92,127.16,2025-07-04,21.35,32.35,31.49,22.62,29.55,24.01,0.0
3,五常市,44.92,127.16,2025-07-05,19.83,27.96,27.39,24.61,22.28,23.73,9.72
3,五常市,44.92,127.16,2025-07-06,17.51,28.53,27.17,19.11,25.7,19.85,0.0
3,五常市,44.92,127.16,2025-07-07,16.87,30.03,28.86,18.78,26.82,19.47,0.0
3,五常市,44.92,127.16,2025-07-08,17.9,31.14,29.08,19.12,26.81,19.26,0.0
3,五常市,44.92,127.16,2025-07-09,19.4,32.21,31.43,20.96,29.23,21.32,0.25
3,五常市,44.92,127.16,2025-07-10,20.12,34.77,32.29,21.67,31.56,22.72,0.0
3,五常市,44.92,127.16,2025-07-11,23.17,33.83,32.36,24.39,30.48,24.49,0.0
3,五常市,44.92,127.16,2025-07-12,20.64,31.92,31.54,25.83,29.72,25.29,10.92
3,五常市,44.92,127.16,2025-07-13,20.01,27.61,26.73,21.03,24.77,20.73,0.0
3,五常市,44.92,127.16,2025-07-14,16.67,30.01,28.79,20.36,26.15,19.91,0.0
3,五常市,44.92,127.16,2025-07-15,16.6,30.66,30.05,18.59,26.87,20.1,0.36
3,五常市,44.92,127.16,2025-07-16,19.18,28.44,27.54,20.17,25.76,20.71,0.0
3,五常市,44.92,127.16,2025-07-17,19.37,28.4,27.18,20.11,25.12,21.75,0.0
3,五常市,44.92,127.16,2025-07-18,19.52,28.91,28.51,21.42,26.72,21.6,7.55
3,五常市,44.92,127.16,2025-07-19,20.37,30.59,29.34,21.28,27.74,22.09,0.24
3,五常市,44.92,127.16,2025-07-20,20.3,26.05,24.18,23.58,22.16,22.39,4.16
3,五常市,44.92,127.16,2025-07-21,19.99,30.9,28.73,20.61,27.74,21.75,0.0
3,五常市,44.92,127.16,2025-07-22,20.72,33.9,32.39,22.65,30.89,22.99,0.0
3,五常市,44.92,127.16,2025-07-23,21.97,32.51,31.38,24.57,29.14,23.89,0.0
3,五常市,44.92,127.16,2025-07-24,22.5,30.95,30.38,23.42,26.37,23.98,0.0
3,五常市,44.92,127.16,2025-07-25,21.0,25.05,22.83,22.84,24.58,22.02,9.72
3,五常市,44.92,127.16,2025-07-26,20.29,23.15,23.15,21.3,20.29,22.25,17.93
3,五常市,44.92,127.16,2025-07-27,21.56,28.04,26.74,21.73,26.3,21.97,4.46
3,五常市,44.92,127.16,2025-07-28,20.85,29.69,29.44,21.86,26.56,22.38,0.0
3,五常市,44.92,127.16,2025-07-29,20.13,28.34,27.05,21.34,20.9,21.97,7.62
3,五常市,44.92,127.16,2025-07-30,18.12,27.25,25.31,20.6,23.91,20.43,1.55
3,五常市,44.92,127.16,2025-07-31,16.49,27.73,26.16,17.55,25.13,18.8,0.0
3,五常市,44.92,127.16,2025-08-01,19.54,29.98,28.91,20.53,26.82,21.15,0.0
3,五常市,44.92,127.16,2025-08-02,18.65,29.39,26.73,20.09,26.45,20.32,0.74
3,五常市,44.92,127.16,2025-08-03,19.26,25.04,25.04,21.2,22.07,22.75,0.32
3,五常市,44.92,127.16,2025-08-04,16.63,27.66,26.42,17.72,24.97,18.61,0.0
3,五常市,44.92,127.16,2025-08-05,17.34,25.56,24.83,19.79,21.67,19.78,0.0
3,五常市,44.92,127.16,2025-08-06,16.49,26.02,21.78,16.99,23.09,18.61,0.23
3,五常市,44.92,127.16,2025-08-07,15.56,24.76,24.4,16.97,22.64,17.12,0.0
3,五常市,44.92,127.16,2025-08-08,15.27,26.39,25.25,16.14,23.44,17.21,0.0
3,五常市,44.92,127.16,2025-08-09,16.98,23.47,21.54,18.94,20.65,18.09,11.83
3,五常市,44.92,127.16,2025-08-10,14.2,24.59,24.59,16.59,20.81,16.89,0.0
3,五常市,44.92,127.16,2025-08-11,12.7,24.31,22.86,13.7,21.42,14.82,0.0
3,五常市,44.92,127.16,2025-08-12,15.09,26.25,24.06,16.61,22.92,16.27,5.97
3,五常市,44.92,127.16,2025-08-13,19.06,27.85,26.83,20.37,24.33,19.29,0.24
3,五常市,44.92,127.16,2025-08-14,17.69,27.86,27.15,19.67,24.1,18.59,0.0
3,五常市,44.92,127.16,2025-08-15,16.87,29.0,28.52,18.01,24.43,18.24,0.37
3,五常市,44.92,127.16,2025-08-16,18.07,24.35,23.27,21.58,22.84,21.43,9.72
3,五常市,44.92,127.16,2025-08-17,14.22,22.98,22.39,17.26,18.61,15.27,0.0
3,五常市,44.92,127.16,2025-08-18,12.44,24.93,24.23,13.66,19.92,14.07,2.04
3,五常市,44.92,127.16,2025-08-19,17.39,28.55,28.15,17.43,23.66,19.46,1.47
3,五常市,44.92,127.16,2025-08-20,16.14,25.86,25.59,18.34,21.08,17.85,0.0
3,五常市,44.92,127.16,2025-08-21,15.3,26.8,25.95,16.0,22.75,17.43,3.02
3,五常市,44.92,127.16,2025-08-22,17.39,25.03,21.9,17.84,23.02,22.3,15.97
3,五常市,44.92,127.16,2025-08-23,19.41,28.41,27.8,19.49,23.59,20.39,0.25
3,五常市,44.92,127.16,2025-08-24,18.56,25.61,24.13,20.94,22.24,20.91,2.19
3,五常市,44.92,127.16,2025-08-25,17.49,25.04,24.43,18.3,21.97,18.74,9.58
3,五常市,44.92,127.16,2025-08-26,16.24,24.31,23.62,17.78,20.26,17.64,3.22
3,五常市,44.92,127.16,2025-08-27,15.05,24.1,23.6,15.96,20.73,16.11,0.0
3,五常市,44.92,127.16,2025-08-28,16.36,19.45,18.39,17.81,17.14,17.41,1.53
3,五常市,44.92,127.16,2025-08-29,16.02,23.71,22.47,16.24,20.11,17.12,0.38
3,五常市,44.92,127.16,2025-08-30,16.73,27.09,25.2,17.96,22.16,17.41,1.21
3,五常市,44.92,127.16,2025-08-31,17.53,24.23,23.52,17.94,20.12,18.6,0.0
3,五常市,44.92,127.16,2025-09-01,15.64,26.09,25.05,17.04,21.59,16.35,0.14
3,五常市,44.92,127.16,2025-09-02,15.86,26.71,25.68,17.0,20.92,16.79,0.26
3,五常市,44.92,127.16,2025-09-03,16.88,27.43,27.19,17.43,22.33,18.0,0.0
3,五常市,44.92,127.16,2025-09-04,17.19,28.13,27.14,19.02,23.39,17.97,0.0
3,五常市,44.92,127.16,2025-09-05,17.37,28.15,26.89,18.49,24.04,18.32,0.14
3,五常市,44.92,127.16,2025-09-06,14.66,24.34,24.01,20.29,18.87,17.99,11.53
3,五常市,44.92,127.16,2025-09-07,12.55,23.91,23.91,14.56,16.98,15.88,0.0
3,五常市,44.92,127.16,2025-09-08,10.66,21.92,21.68,12.85,15.77,12.13,0.0
3,五常市,44.92,127.16,2025-09-09,8.7,22.36,20.89,10.32,16.31,9.49,0.0
3,五常市,44.92,127.16,2025-09-10,10.43,23.25,22.62,11.16,17.28,13.31,0.0
3,五常市,44.92,127.16,2025-09-11,10.13,25.36,24.55,12.06,20.92,11.13,0.0
3,五常市,44.92,127.16,2025-09-12,16.61,25.64,24.36,16.61,19.54,19.38,4.37
3,五常市,44.92,127.16,2025-09-13,15.79,26.4,25.49,16.55,19.72,16.39,0.0
3,五常市,44.92,127.16,2025-09-14,15.28,25.39,24.08,17.02,20.95,17.86,2.46
3,五常市,44.92,127.16,2025-09-15,13.07,22.88,21.44,14.33,18.79,13.07,0.0
3,五常市,44.92,127.16,2025-09-16,8.94,20.32,20.32,14.29,12.56,14.49,0.15
3,五常市,44.92,127.16,2025-09-17,6.61,17.92,17.54,8.16,12.63,7.19,0.0
3,五常市,44.92,127.16,2025-09-18,6.85,20.76,19.38,8.76,14.54,7.82,0.0
3,五常市,44.92,127.16,2025-09-19,8.5,22.36,21.97,10.03,16.31,9.3,0.0
3,五常市,44.92,127.16,2025-09-20,11.06,22.1,21.57,12.76,16.49,11.7,0.0
3,五常市,44.92,127.16,2025-09-21,9.83,20.31,19.91,11.02,14.41,10.47,0.0
3,五常市,44.92,127.16,2025-09-22,8.96,22.17,21.51,10.45,17.33,9.66,0.0
3,五常市,44.92,127.16,2025-09-23,10.86,25.44,24.7,12.52,19.48,11.53,0.0
3,五常市,44.92,127.16,2025-09-24,13.48,16.16,13.48,16.03,15.63,14.88,6.7
3,五常市,44.92,127.16,2025-09-25,12.15,22.16,22.0,14.72,18.16,12.45,0.0
3,五常市,44.92,127.16,2025-09-26,10.82,23.18,21.79,12.28,17.66,11.29,0.0
3,五常市,44.92,127.16,2025-09-27,11.02,24.93,24.48,12.96,18.81,11.38,0.0
3,五常市,44.92,127.16,2025-09-28,12.42,21.1,18.99,14.84,15.68,14.06,0.93
3,五常市,44.92,127.16,2025-09-29,11.32,23.57,21.74,12.31,18.35,11.37,0.0
3,五常市,44.92,127.16,2025-09-30,13.12,24.14,24.01,13.85,18.05,13.15,2.41
4,巴彦县,46.08,127.4,2025-04-01,-0.16,8.57,8.45,-0.13,4.67,1.22,6.43
4,巴彦县,46.08,127.4,2025-04-02,1.18,5.81,3.52,3.94,3.89,2.2,0.0
4,巴彦县,46.08,127.4,2025-04-03,0.64,11.27,9.8,1.02,7.96,1.26,0.0
4,巴彦县,46.08,127.4,2025-04-04,1.6,15.03,13.73,3.46,10.91,1.94,0.0
4,巴彦县,46.08,127.4,2025-04-05,5.25,8.46,6.0,6.82,5.89,6.18,0.45
4,巴彦县,46.08,127.4,2025-04-06,4.56,10.61,10.09,5.36,7.94,5.87,0.0
4,巴彦县,46.08,127.4,2025-04-07,2.86,14.32,12.76,4.15,11.02,3.45,0.0
4,巴彦县,46.08,127.4,2025-04-08,5.91,16.24,15.17,7.25,13.13,6.46,0.0
4,巴彦县,46.08,127.4,2025-04-09,7.95,19.41,18.46,8.91,14.05,8.82,0.0
4,巴彦县,46.08,127.4,2025-04-10,9.29,19.65,18.33,10.24,14.69,9.62,0.0
4,巴彦县,46.08,127.4,2025-04-11,8.42,22.82,19.99,9.22,15.86,8.89,0.33
4,巴彦县,46.08,127.4,2025-04-12,10.47,19.84,19.07,12.48,15.89,11.05,0.63
4,巴彦县,46.08,127.4,2025-04-13,9.25,12.04,11.72,10.78,11.41,10.14,15.32
4,巴彦县,46.08,127.4,2025-04-14,5.21,13.19,11.79,8.91,10.38,5.21,4.81
4,巴彦县,46.08,127.4,2025-04-15,4.72,12.19,11.6,6.06,9.85,6.52,2.26
4,巴彦县,46.08,127.4,2025-04-16,2.02,13.49,11.34,4.11,11.33,3.22,0.0
4,巴彦县,46.08,127.4,2025-04-17,4.23,17.98,16.61,6.49,15.43,5.31,0.0
4,巴彦县,46.08,127.4,2025-04-18,5.86,13.33,10.99,9.44,10.96,6.76,5.94
4,巴彦县,46.08,127.4,2025-04-19,4.7,13.93,13.52,7.27,9.21,5.93,0.0
4,巴彦县,46.08,127.4,2025-04-20,5.06,18.06,15.97,6.26,15.74,6.38,0.0
4,巴彦县,46.08,127.4,2025-04-21,9.0,20.85,20.85,11.38,11.31,10.55,12.7
4,巴彦县,46.08,127.4,2025-04-22,5.07,12.57,11.23,10.39,10.59,5.64,4.62
4,巴彦县,46.08,127.4,2025-04-23,4.57,18.95,17.93,6.17,14.41,5.92,0.0
4,巴彦县,46.08,127.4,2025-04-24,4.38,11.19,10.42,7.95,7.74,6.34,0.0
4,巴彦县,46.08,127.4,2025-04-25,3.53,9.97,6.21,5.88,7.55,4.28,0.58
4,巴彦县,46.08,127.4,2025-04-26,3.6,15.15,13.33,3.75,12.59,5.36,0.0
4,巴彦县,46.08,127.4,2025-04-27,5.56,12.95,12.22,9.15,10.08,8.72,0.0
4,巴彦县,46.08,127.4,2025-04-28,3.05,12.48,12.02,4.9,10.86,5.04,0.0
4,巴彦县,46.08,127.4,2025-04-29,5.0,18.99,17.24,7.15,16.18,6.87,0.0
4,巴彦县,46.08,127.4,2025-04-30,8.3,17.44,16.96,11.11,14.64,10.21,1.89
4,巴彦县,46.08,127.4,2025-05-01,7.0,14.07,9.79,11.02,12.12,8.05,0.1
4,巴彦县,46.08,127.4,2025-05-02,4.34,17.14,16.27,6.02,14.66,6.95,0.0
4,巴彦县,46.08,127.4,2025-05-03,7.97,15.65,15.22,9.8,13.35,11.05,0.13
4,巴彦县,46.08,127.4,2025-05-04,5.29,14.63,13.32,6.98,12.59,8.0,0.45
4,巴彦县,46.08,127.4,2025-05-05,6.22,15.95,14.92,7.27,13.62,8.06,0.0
4,巴彦县,46.08,127.4,2025-05-06,5.88,17.25,16.34,7.83,11.92,8.46,0.91
4,巴彦县,46.08,127.4,2025-05-07,5.29,15.98,14.11,7.57,12.31,8.25,0.0
4,巴彦县,46.08,127.4,2025-05-08,6.89,17.34,17.34,7.74,11.85,8.95,11.56
4,巴彦县,46.08,127.4,2025-05-09,8.59,16.4,14.01,9.99,12.57,11.59,0.0
4,巴彦县,46.08,127.4,2025-05-10,7.05,20.72,19.58,8.14,18.17,9.4,0.0
4,巴彦县,46.08,127.4,2025-05-11,9.8,24.48,22.54,11.1,20.23,12.18,0.0
4,巴彦县,46.08,127.4,2025-05-12,14.83,27.05,24.6,16.92,23.51,15.53,0.34
4,巴彦县,46.08,127.4,2025-05-13,16.7,24.48,22.66,18.61,21.69,18.66,0.36
4,巴彦县,46.08,127.4,2025-05-14,10.75,19.18,13.48,16.74,14.28,16.94,1.58
4,巴彦县,46.08,127.4,2025-05-15,9.19,21.29,19.77,10.58,19.81,11.58,0.0
4,巴彦县,46.08,127.4,2025-05-16,9.68,13.77,10.99,13.46,12.71,11.12,2.06
4,巴彦县,46.08,127.4,2025-05-17,5.93,13.08,7.44,9.86,10.64,12.96,3.78
4,巴彦县,46.08,127.4,2025-05-18,5.79,17.21,14.12,5.97,12.7,8.08,0.0
4,巴彦县,46.08,127.4,2025-05-19,8.18,17.15,15.9,8.65,13.42,9.27,1.33
4,巴彦县,46.08,127.4,2025-05-20,7.47,19.12,17.87,7.67,16.27,10.11,0.0
4,巴彦县,46.08,127.4,2025-05-21,8.7,20.47,19.92,9.6,17.39,11.77,0.0
4,巴彦县,46.08,127.4,2025-05-22,9.65,19.8,18.59,11.07,16.91,11.92,0.0
4,巴彦县,46.08,127.4,2025-05-23,9.44,22.93,22.72,11.31,17.29,12.94,0.0
4,巴彦县,46.08,127.4,2025-05-24,10.69,19.58,18.75,11.99,17.01,12.56,3.64
4,巴彦县,46.08,127.4,2025-05-25,9.14,22.83,21.39,10.27,19.9,12.8,1.45
4,巴彦县,46.08,127.4,2025-05-26,11.35,23.59,21.96,13.64,18.03,13.56,2.24
4,巴彦县,46.08,127.4,2025-05-27,11.92,27.87,26.12,12.7,25.12,15.28,0.0
4,巴彦县,46.08,127.4,2025-05-28,15.45,29.73,28.69,17.78,26.79,18.99,0.0
4,巴彦县,46.08,127.4,2025-05-29,17.36,30.55,29.44,19.04,27.24,20.09,0.0
4,巴彦县,46.08,127.4,2025-05-30,17.26,30.88,29.8,19.23,27.34,20.91,0.0
4,巴彦县,46.08,127.4,2025-05-31,17.24,28.99,28.52,21.89,25.85,21.67,0.0
4,巴彦县,46.08,127.4,2025-06-01,13.3,23.8,17.42,17.17,22.54,15.95,0.0
4,巴彦县,46.08,127.4,2025-06-02,10.55,23.08,23.08,12.77,15.82,14.28,14.63
4,巴彦县,46.08,127.4,2025-06-03,11.36,20.98,20.98,14.64,16.91,14.27,3.75
4,巴彦县,46.08,127.4,2025-06-04,10.32,23.52,22.6,10.96,17.61,13.74,0.0
4,巴彦县,46.08,127.4,2025-06-05,11.62,18.32,13.66,11.73,16.78,14.93,14.55
4,巴彦县,46.08,127.4,2025-06-06,9.5,20.54,19.74,10.85,16.29,13.0,0.22
4,巴彦县,46.08,127.4,2025-06-07,10.35,21.91,19.35,11.59,19.92,12.96,4.48
4,巴彦县,46.08,127.4,2025-06-08,12.06,28.08,27.78,13.43,24.56,15.39,0.39
4,巴彦县,46.08,127.4,2025-06-09,11.31,21.95,21.95,14.28,19.74,14.63,2.05
4,巴彦县,46.08,127.4,2025-06-10,12.74,15.69,12.99,15.69,13.95,13.62,40.58
4,巴彦县,46.08,127.4,2025-06-11,12.49,25.06,23.74,12.85,23.18,13.38,0.0
4,巴彦县,46.08,127.4,2025-06-12,14.59,25.68,24.55,16.29,23.36,17.63,1.37
4,巴彦县,46.08,127.4,2025-06-13,17.44,25.99,24.26,19.21,21.73,18.16,0.0
4,巴彦县,46.08,127.4,2025-06-14,17.29,25.58,19.24,17.45,23.4,18.79,1.06
4,巴彦县,46.08,127.4,2025-06-15,17.23,28.54,27.68,18.22,25.22,19.01,2.37
4,巴彦县,46.08,127.4,2025-06-16,17.6,25.32,24.67,20.89,21.97,19.15,5.08
4,巴彦县,46.08,127.4,2025-06-17,15.02,23.68,23.19,17.1,21.12,17.03,0.0
4,巴彦县,46.08,127.4,2025-06-18,13.46,29.89,27.08,14.36,26.09,16.78,0.0
4,巴彦县,46.08,127.4,2025-06-19,18.24,25.95,25.65,19.11,21.25,20.99,14.78
4,巴彦县,46.08,127.4,2025-06-20,17.74,24.47,19.53,18.45,22.21,18.8,10.51
4,巴彦县,46.08,127.4,2025-06-21,13.01,19.48,17.98,15.48,16.85,14.14,9.38
4,巴彦县,46.08,127.4,2025-06-22,14.28,29.13,27.22,14.65,26.65,17.5,0.0
4,巴彦县,46.08,127.4,2025-06-23,16.61,32.99,31.36,18.45,28.65,19.91,0.0
4,巴彦县,46.08,127.4,2025-06-24,20.09,33.89,32.51,22.53,29.87,22.79,0.0
4,巴彦县,46.08,127.4,2025-06-25,22.05,34.94,33.63,23.65,32.75,24.78,0.0
4,巴彦县,46.08,127.4,2025-06-26,21.75,35.99,34.93,24.59,32.47,25.51,0.0
4,巴彦县,46.08,127.4,2025-06-27,21.17,34.21,33.42,21.62,31.25,24.24,0.0
4,巴彦县,46.08,127.4,2025-06-28,20.62,29.92,28.42,22.38,22.15,22.91,0.85
4,巴彦县,46.08,127.4,2025-06-29,19.84,28.33,28.33,20.07,26.19,22.01,0.7
4,巴彦县,46.08,127.4,2025-06-30,20.52,28.93,27.06,21.18,23.62,22.69,2.76
4,巴彦县,46.08,127.4,2025-07-01,21.66,26.44,25.76,22.19,25.24,21.66,17.48
4,巴彦县,46.08,127.4,2025-07-02,21.37,31.0,29.98,21.44,28.74,23.54,18.08
4,巴彦县,46.08,127.4,2025-07-03,23.21,32.2,31.31,25.19,27.98,24.7,0.0
4,巴彦县,46.08,127.4,2025-07-04,21.42,32.95,32.48,22.64,29.78,24.59,0.0
4,巴彦县,46.08,127.4,2025-07-05,19.29,26.02,24.8,24.52,22.41,22.91,9.28
4,巴彦县,46.08,127.4,2025-07-06,17.22,28.42,27.39,18.38,24.58,19.75,0.0
4,巴彦县,46.08,127.4,2025-07-07,16.15,28.83,28.17,18.83,25.49,19.28,0.0
4,巴彦县,46.08,127.4,2025-07-08,16.34,29.35,28.47,18.75,25.13,18.48,0.0
4,巴彦县,46.08,127.4,2025-07-09,18.5,30.5,29.37,19.93,26.63,20.5,0.0
4,巴彦县,46.08,127.4,2025-07-10,19.71,32.58,30.5,22.0,28.96,21.8,0.0
4,巴彦县,46.08,127.4,2025-07-11,21.69,33.57,33.11,24.04,30.05,23.5,0.0
4,巴彦县,46.08,127.4,2025-07-12,21.46,30.58,30.15,27.74,28.67,25.29,3.79
4,巴彦县,46.08,127.4,2025-07-13,19.58,27.92,27.52,21.04,25.37,20.64,0.0
4,巴彦县,46.08,127.4,2025-07-14,17.25,30.19,29.33,20.53,26.57,19.89,0.0
4,巴彦县,46.08,127.4,2025-07-15,17.5,29.62,29.21,19.29,26.98,21.19,0.0
4,巴彦县,46.08,127.4,2025-07-16,20.4,28.34,26.72,21.62,25.62,21.42,8.64
4,巴彦县,46.08,127.4,2025-07-17,19.2,29.45,28.0,19.96,27.45,21.51,0.0
4,巴彦县,46.08,127.4,2025-07-18,20.02,29.26,28.04,21.39,26.43,21.72,2.78
4,巴彦县,46.08,127.4,2025-07-19,20.42,31.67,30.47,21.02,26.83,22.3,0.15
4,巴彦县,46.08,127.4,2025-07-20,21.11,24.28,22.12,22.81,23.27,22.91,3.96
4,巴彦县,46.08,127.4,2025-07-21,19.65,31.1,29.25,20.7,27.18,21.25,0.0
4,巴彦县,46.08,127.4,2025-07-22,21.28,34.76,32.61,22.95,30.91,22.79,0.0
4,巴彦县,46.08,127.4,2025-07-23,23.44,33.71,32.39,26.58,30.35,24.35,0.0
4,巴彦县,46.08,127.4,2025-07-24,23.27,31.49,30.66,25.65,28.06,24.68,0.0
4,巴彦县,46.08,127.4,2025-07-25,22.23,27.99,27.99,23.0,26.38,23.21,15.87
4,巴彦县,46.08,127.4,2025-07-26,21.09,26.11,25.63,21.75,24.56,22.84,0.56
4,巴彦县,46.08,127.4,2025-07-27,21.0,29.94,29.06,21.8,27.59,23.64,0.0
4,巴彦县,46.08,127.4,2025-07-28,20.12,31.4,30.72,21.4,26.78,21.78,0.0
4,巴彦县,46.08,127.4,2025-07-29,18.67,28.67,26.35,19.98,21.87,20.9,10.52
4,巴彦县,46.08,127.4,2025-07-30,19.73,28.56,26.09,20.48,25.18,20.28,0.0
4,巴彦县,46.08,127.4,2025-07-31,17.52,29.18,27.62,19.1,25.91,19.72,0.0
4,巴彦县,46.08,127.4,2025-08-01,18.62,30.47,29.87,19.39,22.9,21.46,2.13
4,巴彦县,46.08,127.4,2025-08-02,18.58,28.37,27.66,20.33,26.36,20.72,36.65
4,巴彦县,46.08,127.4,2025-08-03,16.61,23.34,22.45,19.45,21.29,21.68,0.0
4,巴彦县,46.08,127.4,2025-08-04,15.22,28.57,27.86,15.92,26.15,19.25,0.0
4,巴彦县,46.08,127.4,2025-08-05,18.07,28.33,27.59,19.47,22.29,19.66,0.0
4,巴彦县,46.08,127.4,2025-08-06,17.78,26.92,25.95,18.32,23.51,19.21,0.0
4,巴彦县,46.08,127.4,2025-08-07,15.49,25.75,25.53,17.0,23.57,17.51,0.0
4,巴彦县,46.08,127.4,2025-08-08,15.67,28.03,26.43,16.77,24.18,18.09,0.0
4,巴彦县,46.08,127.4,2025-08-09,16.56,20.26,18.82,18.48,18.5,18.09,11.98
4,巴彦县,46.08,127.4,2025-08-10,14.6,23.84,23.77,15.8,19.41,16.64,0.0
4,巴彦县,46.08,127.4,2025-08-11,12.39,23.49,22.75,14.1,20.41,14.37,0.0
4,巴彦县,46.08,127.4,2025-08-12,14.31,26.09,22.66,15.07,22.77,16.74,0.11
4,巴彦县,46.08,127.4,2025-08-13,18.42,26.27,25.04,19.07,23.58,18.56,10.96
4,巴彦县,46.08,127.4,2025-08-14,17.89,26.95,26.02,19.68,23.11,17.89,0.0
4,巴彦县,46.08,127.4,2025-08-15,16.04,28.5,28.33,18.45,23.73,17.92,4.74
4,巴彦县,46.08,127.4,2025-08-16,15.95,24.98,24.81,20.7,21.46,20.44,0.54
4,巴彦县,46.08,127.4,2025-08-17,12.39,22.68,21.95,15.89,18.98,13.92,0.0
4,巴彦县,46.08,127.4,2025-08-18,13.0,23.39,22.96,14.21,18.99,14.09,1.07
4,巴彦县,46.08,127.4,2025-08-19,14.89,27.79,27.42,15.32,22.41,16.61,2.71
4,巴彦县,46.08,127.4,2025-08-20,13.77,24.78,24.14,15.88,20.74,15.61,0.0
4,巴彦县,46.08,127.4,2025-08-21,15.02,25.91,24.89,15.99,21.69,16.52,0.23
4,巴彦县,46.08,127.4,2025-08-22,14.99,20.92,19.16,20.55,18.8,15.09,7.12
4,巴彦县,46.08,127.4,2025-08-23,15.81,27.5,27.14,15.96,23.52,17.2,0.0
4,巴彦县,46.08,127.4,2025-08-24,18.45,26.92,26.62,19.4,22.24,19.8,0.0
4,巴彦县,46.08,127.4,2025-08-25,17.39,26.16,25.84,18.28,22.47,18.7,0.0
4,巴彦县,46.08,127.4,2025-08-26,16.53,25.41,25.12,17.12,20.82,17.97,4.67
4,巴彦县,46.08,127.4,2025-08-27,14.8,25.82,25.4,16.14,21.38,16.49,0.0
4,巴彦县,46.08,127.4,2025-08-28,17.19,22.2,21.08,18.32,18.06,17.87,2.04
4,巴彦县,46.08,127.4,2025-08-29,16.08,24.0,23.23,17.25,19.68,17.16,0.17
4,巴彦县,46.08,127.4,2025-08-30,16.66,27.49,26.39,18.31,22.41,17.71,0.28
4,巴彦县,46.08,127.4,2025-08-31,17.4,27.52,25.65,17.98,21.58,18.61,0.47
4,巴彦县,46.08,127.4,2025-09-01,16.81,26.57,25.57,17.8,21.79,17.7,0.45
4,巴彦县,46.08,127.4,2025-09-02,15.49,25.89,25.05,16.8,20.98,16.44,0.13
4,巴彦县,46.08,127.4,2025-09-03,15.9,27.02,26.57,16.37,23.12,16.84,0.0
4,巴彦县,46.08,127.4,2025-09-04,17.97,28.41,27.65,19.52,23.57,19.17,0.13
4,巴彦县,46.08,127.4,2025-09-05,17.78,28.2,27.47,18.64,23.72,18.81,1.06
4,巴彦县,46.08,127.4,2025-09-06,15.4,23.55,22.82,20.78,18.58,17.68,4.13
4,巴彦县,46.08,127.4,2025-09-07,11.75,22.52,22.52,15.36,16.15,13.77,1.04
4,巴彦县,46.08,127.4,2025-09-08,10.08,21.83,21.5,11.23,15.52,11.8,0.0
4,巴彦县,46.08,127.4,2025-09-09,8.99,20.78,20.72,11.03,17.54,10.01,0.0
4,巴彦县,46.08,127.4,2025-09-10,10.6,22.21,21.48,14.96,17.59,11.55,0.21
4,巴彦县,46.08,127.4,2025-09-11,10.8,24.4,23.71,11.98,19.52,11.61,0.0
4,巴彦县,46.08,127.4,2025-09-12,14.83,23.77,22.08,15.66,20.06,19.55,4.34
4,巴彦县,46.08,127.4,2025-09-13,14.64,26.24,25.55,15.45,20.43,15.42,0.0
4,巴彦县,46.08,127.4,2025-09-14,14.09,25.07,21.53,15.67,20.47,15.41,6.85
4,巴彦县,46.08,127.4,2025-09-15,12.47,21.78,20.27,13.71,16.81,14.31,0.0
4,巴彦县,46.08,127.4,2025-09-16,9.59,17.74,16.43,12.92,13.07,14.35,0.53
4,巴彦县,46.08,127.4,2025-09-17,6.32,18.56,18.16,8.17,12.74,6.97,0.0
4,巴彦县,46.08,127.4,2025-09-18,7.27,20.74,19.11,8.43,14.38,8.05,0.0
4,巴彦县,46.08,127.4,2025-09-19,8.41,22.58,21.83,10.53,15.88,9.31,0.0
4,巴彦县,46.08,127.4,2025-09-20,10.99,22.02,21.75,12.07,14.59,11.91,0.0
4,巴彦县,46.08,127.4,2025-09-21,8.88,20.58,20.2,10.74,14.74,9.59,0.0
4,巴彦县,46.08,127.4,2025-09-22,9.26,21.72,21.2,10.91,16.1,9.84,0.0
4,巴彦县,46.08,127.4,2025-09-23,10.35,24.92,24.26,12.21,19.1,10.8,0.0
4,巴彦县,46.08,127.4,2025-09-24,12.82,16.86,13.74,16.86,15.01,15.4,10.58
4,巴彦县,46.08,127.4,2025-09-25,10.42,20.46,20.46,13.77,14.49,10.49,0.12
4,巴彦县,46.08,127.4,2025-09-26,10.3,22.39,20.85,10.7,17.19,10.59,0.0
4,巴彦县,46.08,127.4,2025-09-27,11.45,24.86,24.0,12.91,18.33,11.6,0.0
4,巴彦县,46.08,127.4,2025-09-28,12.0,23.68,22.24,15.37,17.46,13.28,0.0
4,巴彦县,46.08,127.4,2025-09-29,9.57,23.22,21.37,11.51,17.47,9.82,0.0
4,巴彦县,46.08,127.4,2025-09-30,13.19,24.4,22.94,13.94,18.41,13.22,2.37
5,宾县,45.75,127.48,2025-04-01,0.67,10.62,9.12,1.06,5.25,1.93,9.39
5,宾县,45.75,127.48,2025-04-02,1.42,5.75,3.7,5.66,4.42,2.04,0.32
5,宾县,45.75,127.48,2025-04-03,0.82,12.15,11.1,1.17,8.83,1.72,0.0
5,宾县,45.75,127.48,2025-04-04,3.15,15.42,14.31,4.61,11.71,3.78,0.0
5,宾县,45.75,127.48,2025-04-05,4.82,8.25,5.25,8.07,5.72,6.42,0.45
5,宾县,45.75,127.48,2025-04-06,4.19,9.58,9.58,4.81,7.09,4.62,0.0
5,宾县,45.75,127.48,2025-04-07,3.22,14.5,13.72,3.92,11.94,3.95,0.0
5,宾县,45.75,127.48,2025-04-08,5.11,16.08,14.96,8.05,12.88,6.01,0.0
5,宾县,45.75,127.48,2025-04-09,8.56,19.38,18.3,8.97,14.59,9.81,0.0
5,宾县,45.75,127.48,2025-04-10,8.54,20.01,17.87,10.92,14.2,9.09,0.0
5,宾县,45.75,127.48,2025-04-11,8.73,22.99,21.13,9.54,15.5,10.3,2.78
5,宾县,45.75,127.48,2025-04-12,11.38,21.37,19.17,13.6,16.14,12.98,1.36
5,宾县,45.75,127.48,2025-04-13,8.8,11.67,11.06,10.61,10.97,10.0,19.45
5,宾县,45.75,127.48,2025-04-14,4.96,13.36,11.72,8.3,11.06,5.5,2.54
5,宾县,45.75,127.48,2025-04-15,4.54,12.32,11.92,5.33,9.7,5.73,3.31
5,宾县,45.75,127.48,2025-04-16,1.79,12.99,11.65,3.82,10.77,3.32,0.0
5,宾县,45.75,127.48,2025-04-17,4.25,19.03,17.31,6.44,15.41,5.58,0.24
5,宾县,45.75,127.48,2025-04-18,6.05,13.47,11.95,10.52,10.7,6.77,1.55
5,宾县,45.75,127.48,2025-04-19,5.9,14.69,14.35,8.52,9.59,6.89,0.0
5,宾县,45.75,127.48,2025-04-20,4.88,18.45,16.59,6.15,15.6,6.66,0.0
5,宾县,45.75,127.48,2025-04-21,10.37,21.14,21.14,12.34,11.86,12.56,18.1
5,宾县,45.75,127.48,2025-04-22,4.77,12.58,11.38,10.75,10.21,4.82,6.44
5,宾县,45.75,127.48,2025-04-23,5.15,19.94,18.58,6.28,14.52,6.62,0.0
5,宾县,45.75,127.48,2025-04-24,4.56,11.37,9.84,8.12,8.07,6.45,2.05
5,宾县,45.75,127.48,2025-04-25,3.2,8.96,5.98,5.15,7.35,3.54,2.49
5,宾县,45.75,127.48,2025-04-26,2.66,15.11,13.29,3.04,12.18,5.09,0.0
5,宾县,45.75,127.48,2025-04-27,4.83,12.87,11.58,9.32,9.45,8.48,0.0
5,宾县,45.75,127.48,2025-04-28,2.19,12.76,12.13,4.71,10.77,4.37,0.0
5,宾县,45.75,127.48,2025-04-29,5.15,19.23,17.71,6.76,15.86,7.52,0.0
5,宾县,45.75,127.48,2025-04-30,8.81,18.43,17.03,11.85,13.77,10.65,5.31
5,宾县,45.75,127.48,2025-05-01,5.53,12.67,7.15,10.42,10.67,7.67,6.75
5,宾县,45.75,127.48,2025-05-02,4.15,16.73,15.71,5.04,14.3,7.0,0.0
5,宾县,45.75,127.48,2025-05-03,7.56,15.51,14.36,9.52,10.86,10.19,0.0
5,宾县,45.75,127.48,2025-05-04,5.1,13.67,11.78,7.01,10.85,6.8,0.57
5,宾县,45.75,127.48,2025-05-05,5.36,15.59,14.56,7.44,12.57,7.75,0.0
5,宾县,45.75,127.48,2025-05-06,5.47,16.16,15.8,6.78,11.15,8.34,0.0
5,宾县,45.75,127.48,2025-05-07,5.48,15.22,13.73,6.42,11.23,8.37,0.64
5,宾县,45.75,127.48,2025-05-08,6.28,16.76,15.58,7.34,11.11,9.54,11.05
5,宾县,45.75,127.48,2025-05-09,8.86,14.85,12.11,10.04,12.39,11.6,0.0
5,宾县,45.75,127.48,2025-05-10,6.67,19.62,17.85,9.55,15.82,8.63,0.0
5,宾县,45.75,127.48,2025-05-11,9.71,23.22,21.33,10.31,18.22,12.55,0.0
5,宾县,45.75,127.48,2025-05-12,14.88,26.41,24.1,17.82,22.32,15.67,1.13
5,宾县,45.75,127.48,2025-05-13,16.17,24.87,24.87,18.75,20.85,17.54,3.43
5,宾县,45.75,127.48,2025-05-14,10.15,17.96,12.91,17.73,12.44,16.38,9.03
5,宾县,45.75,127.48,2025-05-15,9.28,20.08,19.33,10.45,18.18,12.13,0.0
5,宾县,45.75,127.48,2025-05-16,9.82,13.7,12.17,13.48,12.5,11.32,4.55
5,宾县,45.75,127.48,2025-05-17,6.02,16.34,7.29,9.67,9.65,16.34,5.66
5,宾县,45.75,127.48,2025-05-18,5.84,15.09,13.02,6.2,12.26,7.74,0.0
5,宾县,45.75,127.48,2025-05-19,7.18,16.54,15.92,8.9,11.93,9.23,4.82
5,宾县,45.75,127.48,2025-05-20,6.99,18.53,17.47,6.99,15.18,9.96,0.0
5,宾县,45.75,127.48,2025-05-21,8.38,19.02,19.02,9.22,16.22,12.0,0.0
5,宾县,45.75,127.48,2025-05-22,9.26,19.18,17.33,10.05,14.48,11.67,0.0
5,宾县,45.75,127.48,2025-05-23,8.83,21.89,21.16,9.84,17.51,13.21,0.0
5,宾县,45.75,127.48,2025-05-24,10.3,18.98,18.24,11.3,15.99,12.85,0.54
5,宾县,45.75,127.48,2025-05-25,8.75,21.92,20.45,9.56,18.08,11.71,0.0
5,宾县,45.75,127.48,2025-05-26,11.12,23.3,21.13,12.7,17.63,13.69,4.31
5,宾县,45.75,127.48,2025-05-27,12.78,27.11,26.2,12.86,23.98,16.55,0.0
5,宾县,45.75,127.48,2025-05-28,16.09,28.64,27.77,17.96,25.89,19.63,0.0
5,宾县,45.75,127.48,2025-05-29,17.54,29.35,28.4,19.32,25.79,19.83,0.0
5,宾县,45.75,127.48,2025-05-30,17.7,29.91,29.24,19.37,26.17,20.68,0.0
5,宾县,45.75,127.48,2025-05-31,16.55,27.69,27.5,21.7,23.89,20.54,0.0
5,宾县,45.75,127.48,2025-06-01,13.4,22.0,17.64,16.3,21.4,15.96,0.0
5,宾县,45.75,127.48,2025-06-02,11.13,23.34,21.01,12.71,16.2,15.17,16.15
5,宾县,45.75,127.48,2025-06-03,10.5,19.97,19.73,14.21,12.79,14.26,2.8
5,宾县,45.75,127.48,2025-06-04,9.44,21.68,21.36,10.31,18.5,12.42,0.0
5,宾县,45.75,127.48,2025-06-05,11.61,17.78,13.7,13.45,16.7,16.01,13.71
5,宾县,45.75,127.48,2025-06-06,9.87,20.93,20.93,11.98,16.28,14.52,0.92
5,宾县,45.75,127.48,2025-06-07,10.07,20.3,19.84,10.07,18.22,12.57,0.0
5,宾县,45.75,127.48,2025-06-08,12.65,28.09,26.76,14.33,23.83,16.75,0.63
5,宾县,45.75,127.48,2025-06-09,11.14,21.55,19.71,14.95,18.49,14.07,0.0
5,宾县,45.75,127.48,2025-06-10,12.53,15.26,13.42,15.26,14.44,13.23,34.4
5,宾县,45.75,127.48,2025-06-11,12.16,23.75,22.17,12.71,22.3,13.18,0.0
5,宾县,45.75,127.48,2025-06-12,15.23,25.02,24.95,16.38,23.23,18.73,1.29
5,宾县,45.75,127.48,2025-06-13,18.61,25.24,20.89,19.6,22.28,19.15,5.36
5,宾县,45.75,127.48,2025-06-14,18.16,24.98,20.26,18.8,23.52,19.96,0.0
5,宾县,45.75,127.48,2025-06-15,17.31,27.46,26.85,17.8,24.58,20.29,1.0
5,宾县,45.75,127.48,2025-06-16,16.68,25.54,25.39,20.11,22.39,19.87,4.1
5,宾县,45.75,127.48,2025-06-17,14.72,23.33,22.42,17.37,20.48,17.42,2.77
5,宾县,45.75,127.48,2025-06-18,13.83,29.06,27.12,14.67,25.28,17.86,0.0
5,宾县,45.75,127.48,2025-06-19,18.52,24.84,24.84,22.79,20.43,20.87,21.05
5,宾县,45.75,127.48,2025-06-20,17.44,23.7,18.77,18.52,22.01,19.44,6.3
5,宾县,45.75,127.48,2025-06-21,13.5,20.23,20.23,16.51,16.38,14.76,4.56
5,宾县,45.75,127.48,2025-06-22,15.14,28.68,26.12,15.34,26.32,16.82,0.0
5,宾县,45.75,127.48,2025-06-23,17.55,31.4,30.15,19.14,27.27,20.7,0.0
5,宾县,45.75,127.48,2025-06-24,21.23,32.85,31.79,23.09,29.37,23.67,0.0
5,宾县,45.75,127.48,2025-06-25,22.82,34.4,34.3,24.93,31.73,25.51,0.0
5,宾县,45.75,127.48,2025-06-26,22.75,34.87,33.78,25.56,31.39,26.28,0.0
5,宾县,45.75,127.48,2025-06-27,21.83,33.63,32.11,22.65,30.2,24.38,0.35
5,宾县,45.75,127.48,2025-06-28,20.64,29.45,27.89,22.12,21.96,21.66,4.67
5,宾县,45.75,127.48,2025-06-29,20.01,27.58,26.66,20.44,26.3,22.22,0.39
5,宾县,45.75,127.48,2025-06-30,20.76,28.28,28.28,21.36,22.36,23.03,6.14
5,宾县,45.75,127.48,2025-07-01,21.5,27.3,25.74,21.86,26.2,21.94,6.81
5,宾县,45.75,127.48,2025-07-02,22.27,30.58,29.64,22.27,28.52,23.91,1.99
5,宾县,45.75,127.48,2025-07-03,23.78,31.22,30.79,25.44,28.67,24.9,0.0
5,宾县,45.75,127.48,2025-07-04,22.42,32.91,32.67,23.24,29.0,25.16,0.0
5,宾县,45.75,127.48,2025-07-05,19.94,27.44,25.42,25.18,22.59,23.29,22.67
5,宾县,45.75,127.48,2025-07-06,17.79,27.49,26.42,19.03,23.79,20.27,0.0
5,宾县,45.75,127.48,2025-07-07,17.7,28.87,27.84,20.62,24.88,19.87,0.0
5,宾县,45.75,127.48,2025-07-08,17.44,29.14,27.66,19.53,24.8,19.13,0.0
5,宾县,45.75,127.48,2025-07-09,18.61,30.7,29.7,20.3,26.29,21.19,0.0
5,宾县,45.75,127.48,2025-07-10,18.14,33.27,31.07,20.71,29.61,21.54,0.0
5,宾县,45.75,127.48,2025-07-11,23.03,33.39,33.14,25.18,30.97,25.65,0.0
5,宾县,45.75,127.48,2025-07-12,22.12,31.78,31.09,28.78,28.07,25.86,16.88
5,宾县,45.75,127.48,2025-07-13,19.56,27.34,26.93,21.93,24.88,20.62,0.0
5,宾县,45.75,127.48,2025-07-14,16.39,29.88,28.4,19.27,26.32,19.35,0.0
5,宾县,45.75,127.48,2025-07-15,16.85,29.37,28.66,18.09,26.07,20.32,0.31
5,宾县,45.75,127.48,2025-07-16,20.19,27.49,27.49,21.21,25.02,21.14,2.17
5,宾县,45.75,127.48,2025-07-17,20.69,28.62,27.07,21.51,26.21,21.72,0.1
5,宾县,45.75,127.48,2025-07-18,20.52,29.6,29.07,21.55,25.67,22.65,2.52
5,宾县,45.75,127.48,2025-07-19,20.42,31.56,30.87,21.32,26.34,22.78,0.0
5,宾县,45.75,127.48,2025-07-20,21.44,24.14,23.75,23.15,23.16,23.32,2.58
5,宾县,45.75,127.48,2025-07-21,20.45,30.58,28.58,21.44,26.7,22.16,0.0
5,宾县,45.75,127.48,2025-07-22,22.78,33.8,32.08,24.24,30.79,23.84,0.0
5,宾县,45.75,127.48,2025-07-23,24.4,33.18,32.01,27.04,30.19,24.94,0.0
5,宾县,45.75,127.48,2025-07-24,23.38,31.83,30.5,25.79,27.29,25.05,0.0
5,宾县,45.75,127.48,2025-07-25,22.41,27.56,27.53,23.42,25.82,22.96,6.5
5,宾县,45.75,127.48,2025-07-26,21.3,24.84,24.46,21.72,23.63,23.08,4.49
5,宾县,45.75,127.48,2025-07-27,21.44,30.31,28.96,21.89,27.63,23.29,0.0
5,宾县,45.75,127.48,2025-07-28,21.04,31.3,30.27,21.79,26.59,23.06,0.0
5,宾县,45.75,127.48,2025-07-29,20.12,28.47,27.52,20.71,21.83,22.51,4.14
5,宾县,45.75,127.48,2025-07-30,19.91,28.39,26.06,20.88,25.39,21.25,0.0
5,宾县,45.75,127.48,2025-07-31,18.97,29.17,27.9,20.98,25.8,21.03,0.0
5,宾县,45.75,127.48,2025-08-01,20.13,30.57,30.04,20.61,27.12,22.82,0.0
5,宾县,45.75,127.48,2025-08-02,19.23,29.28,28.43,20.86,26.31,21.43,32.64
5,宾县,45.75,127.48,2025-08-03,17.41,23.64,22.15,20.21,20.62,22.18,0.0
5,宾县,45.75,127.48,2025-08-04,15.35,28.96,28.01,16.57,25.92,18.86,0.0
5,宾县,45.75,127.48,2025-08-05,19.11,27.1,26.24,19.93,22.72,21.07,0.73
5,宾县,45.75,127.48,2025-08-06,17.63,26.58,26.01,18.61,22.83,19.03,0.0
5,宾县,45.75,127.48,2025-08-07,15.64,25.08,25.08,17.19,23.08,17.34,0.0
5,宾县,45.75,127.48,2025-08-08,15.99,27.36,26.74,17.19,23.38,18.7,0.0
5,宾县,45.75,127.48,2025-08-09,17.37,22.5,18.94,18.97,20.99,19.35,8.87
5,宾县,45.75,127.48,2025-08-10,14.62,23.91,23.76,17.29,18.89,17.43,0.0
5,宾县,45.75,127.48,2025-08-11,12.99,23.58,22.53,14.4,20.47,14.86,0.0
5,宾县,45.75,127.48,2025-08-12,14.65,26.46,21.71,15.23,22.98,17.81,0.0
5,宾县,45.75,127.48,2025-08-13,19.59,26.8,26.17,19.78,24.11,19.81,1.72
5,宾县,45.75,127.48,2025-08-14,18.25,27.16,26.41,19.68,24.17,18.25,0.17
5,宾县,45.75,127.48,2025-08-15,18.28,29.32,29.0,21.13,24.37,19.88,0.21
5,宾县,45.75,127.48,2025-08-16,16.33,25.15,20.82,22.42,22.08,21.0,1.32
5,宾县,45.75,127.48,2025-08-17,12.81,22.57,21.89,16.22,18.43,14.39,0.0
5,宾县,45.75,127.48,2025-08-18,13.27,23.91,23.32,15.07,19.21,15.61,0.0
5,宾县,45.75,127.48,2025-08-19,15.97,28.31,27.79,16.46,22.49,18.65,4.64
5,宾县,45.75,127.48,2025-08-20,14.23,24.87,23.95,16.35,20.42,15.84,0.0
5,宾县,45.75,127.48,2025-08-21,15.59,25.91,25.19,16.37,21.96,17.12,6.5
5,宾县,45.75,127.48,2025-08-22,16.01,21.74,19.55,17.27,19.81,18.15,15.36
5,宾县,45.75,127.48,2025-08-23,17.3,27.93,27.93,17.94,23.17,19.64,0.0
5,宾县,45.75,127.48,2025-08-24,18.9,26.76,25.87,20.82,22.51,20.57,0.19
5,宾县,45.75,127.48,2025-08-25,17.76,25.44,25.31,18.77,22.6,19.25,0.0
5,宾县,45.75,127.48,2025-08-26,16.33,24.74,24.49,17.63,20.07,17.84,5.08
5,宾县,45.75,127.48,2025-08-27,14.85,24.63,24.5,16.12,20.96,16.37,0.0
5,宾县,45.75,127.48,2025-08-28,17.57,21.26,20.23,18.57,18.23,19.0,1.21
5,宾县,45.75,127.48,2025-08-29,15.66,23.89,22.0,17.34,20.16,17.36,0.31
5,宾县,45.75,127.48,2025-08-30,17.51,26.95,24.77,19.01,22.46,18.27,0.54
5,宾县,45.75,127.48,2025-08-31,17.99,27.15,25.62,19.12,21.19,19.35,0.56
5,宾县,45.75,127.48,2025-09-01,16.45,26.44,25.94,17.92,21.61,18.53,1.16
5,宾县,45.75,127.48,2025-09-02,16.22,25.77,25.15,17.17,20.5,17.4,0.25
5,宾县,45.75,127.48,2025-09-03,17.21,27.87,27.43,17.85,23.58,18.88,0.0
5,宾县,45.75,127.48,2025-09-04,19.15,28.93,28.43,21.4,23.38,20.02,0.15
5,宾县,45.75,127.48,2025-09-05,18.72,28.33,27.84,19.7,23.88,19.65,0.66
5,宾县,45.75,127.48,2025-09-06,16.58,23.68,23.1,21.76,18.48,18.07,6.97
5,宾县,45.75,127.48,2025-09-07,13.31,23.21,23.21,17.43,16.23,15.48,0.13
5,宾县,45.75,127.48,2025-09-08,12.01,21.64,21.39,13.06,16.64,13.68,0.0
5,宾县,45.75,127.48,2025-09-09,10.47,21.4,20.6,11.82,17.46,11.31,0.0
5,宾县,45.75,127.48,2025-09-10,11.95,22.25,21.7,13.72,17.55,13.21,0.0
5,宾县,45.75,127.48,2025-09-11,11.37,24.51,24.18,12.39,19.81,12.53,0.0
5,宾县,45.75,127.48,2025-09-12,16.07,24.29,23.96,16.23,20.22,19.86,3.7
5,宾县,45.75,127.48,2025-09-13,15.19,26.04,25.62,16.03,19.99,16.04,0.0
5,宾县,45.75,127.48,2025-09-14,15.06,24.79,22.28,16.89,22.04,17.27,3.01
5,宾县,45.75,127.48,2025-09-15,13.22,21.99,20.39,13.92,17.32,13.3,0.0
5,宾县,45.75,127.48,2025-09-16,9.43,19.35,17.07,14.11,12.52,15.28,3.39
5,宾县,45.75,127.48,2025-09-17,6.86,18.21,17.57,8.56,12.36,7.56,0.0
5,宾县,45.75,127.48,2025-09-18,7.63,20.15,19.13,7.94,14.51,8.6,0.0
5,宾县,45.75,127.48,2025-09-19,10.31,22.47,22.24,12.19,16.36,11.19,0.0
5,宾县,45.75,127.48,2025-09-20,10.15,22.01,21.02,12.76,14.4,12.22,0.0
5,宾县,45.75,127.48,2025-09-21,8.65,20.37,19.94,10.04,13.98,9.54,0.0
5,宾县,45.75,127.48,2025-09-22,9.96,21.52,21.46,11.83,16.43,10.86,0.0
5,宾县,45.75,127.48,2025-09-23,11.6,24.94,24.57,12.78,18.98,12.29,0.0
5,宾县,45.75,127.48,2025-09-24,13.23,17.79,13.23,17.79,15.18,16.58,5.34
5,宾县,45.75,127.48,2025-09-25,11.44,21.09,20.66,14.59,14.13,12.46,0.31
5,宾县,45.75,127.48,2025-09-26,10.44,22.39,20.93,10.98,17.15,10.85,0.0
5,宾县,45.75,127.48,2025-09-27,13.54,24.67,23.99,13.96,18.67,13.65,0.0
5,宾县,45.75,127.48,2025-09-28,12.98,23.19,22.46,16.06,17.23,14.46,0.3
5,宾县,45.75,127.48,2025-09-29,9.69,23.2,21.81,12.35,17.41,10.34,0.0
5,宾县,45.75,127.48,2025-09-30,13.73,24.17,23.59,14.95,19.07,13.92,0.63
